Product_Name,Product_Price,Product_Rating,Website_Name,Date_Scraped
Abominable Hoodie,52.0,5.0,Barn2,2026-09-04
Adrienne Trek Jacket,34.0,4.0,Barn2,2026-09-04
Aeon Capri,63.0,5.0,Barn2,2026-09-04
Aero Daily Fitness Tee,24.0,5.0,Barn2,2026-09-04
Aether Gym Pant,74.0,5.0,Barn2,2026-09-04
Affirm Water Bottle,7.0,,Barn2,2026-09-04
Aim Analog Watch,45.0,,Barn2,2026-09-04
Ajax Full-Zip Sweatshirt,69.0,,Barn2,2026-09-04
Ana Running Short,40.0,,Barn2,2026-09-04
Angel Light Running Short,42.0,,Barn2,2026-09-04
Antonia Racer Tank,52.0,5.0,Barn2,2026-09-04
Apollo Running Short,32.5,,Barn2,2026-09-04
Arcadio Gym Short,20.0,,Barn2,2026-09-04
Argus All-Weather Tank,22.0,,Barn2,2026-09-04
Ariel Roll Sleeve Sweatshirt,39.0,4.0,Barn2,2026-09-04
Artemis Running Short,45.0,,Barn2,2026-09-04
Atlas Fitness Tank,18.0,,Barn2,2026-09-04
Atomic Endurance Running Tee (Crew-Neck),29.0,,Barn2,2026-09-04
Atomic Endurance Running Tee (V-neck),28.0,,Barn2,2026-09-04
Augusta Pullover Jacket,57.0,,Barn2,2026-09-04
Autumn Pullie,57.0,,Barn2,2026-09-04
Balboa Persistence Tee,29.0,4.0,Barn2,2026-09-04
Bardot Capri,48.0,,Barn2,2026-09-04
Beaumont Summit Kit,42.0,5.0,Barn2,2026-09-04
Bella Tank,29.0,,Barn2,2026-09-04
Bess Yoga Short,28.0,,Barn2,2026-09-04
Bolo Sport Watch,49.0,5.0,Barn2,2026-09-04
Breathe-Easy Tank,34.0,,Barn2,2026-09-04
Bruno Compete Hoodie,63.0,5.0,Barn2,2026-09-04
Caesar Warm-Up Pant,35.0,5.0,Barn2,2026-09-04
Carina Basic Capri,51.0,,Barn2,2026-09-04
Cassia Funnel Sweatshirt,48.0,,Barn2,2026-09-04
Cassius Sparring Tank,18.0,,Barn2,2026-09-04
Celeste Sports Bra,39.0,5.0,Barn2,2026-09-04
Chaz Kangeroo Hoodie,69.0,5.0,Barn2,2026-09-04
Chloe Compete Tank,39.0,,Barn2,2026-09-04
Circe Hooded Ice Fleece,68.0,5.0,Barn2,2026-09-04
Clamber Watch,54.0,,Barn2,2026-09-04
Cobalt CoolTech™ Fitness Short,44.0,4.0,Barn2,2026-09-04
Compete Track Tote,32.0,4.0,Barn2,2026-09-04
Cora Parachute Pant,75.0,5.0,Barn2,2026-09-04
Cronus Yoga Pant,48.0,,Barn2,2026-09-04
Crown Summit Backpack,38.0,,Barn2,2026-09-04
Cruise Dual Analog Watch,55.0,,Barn2,2026-09-04
Daphne Full-Zip Hoodie,59.0,,Barn2,2026-09-04
Didi Sport Watch,92.0,,Barn2,2026-09-04
Diva Gym Tee,32.0,,Barn2,2026-09-04
Driven Backpack,36.0,,Barn2,2026-09-04
Dual Handle Cardio Ball,12.0,,Barn2,2026-09-04
Echo Fit Compression Short,24.0,,Barn2,2026-09-04
Electra Bra Top,39.0,,Barn2,2026-09-04
Elisa EverCool™ Tee,29.0,,Barn2,2026-09-04
Emma Leggings,42.0,,Barn2,2026-09-04
Endeavor Daytrip Backpack,33.0,,Barn2,2026-09-04
Daria Bikram Pant,51.0,,Barn2,2026-09-04
Dash Digital Watch,92.0,,Barn2,2026-09-04
Deion Long-Sleeve EverCool Tee,39.0,,Barn2,2026-09-04
Deirdre Relaxed-Fit Capri,48.0,,Barn2,2026-09-04
Desiree Fitness Tee,24.0,,Barn2,2026-09-04
Diana Tights,59.0,,Barn2,2026-09-04
