Product_ID,Product_Name,Product_Price,Original_Price,Discount,Product_Rating,Number_of_Reviews,Brand,Category,Availability,SKU,Product_URL,Website_Name,Date_Scraped
1,Lightweight Probiotics,155.62,,,4.0,,SoundWave,Health,In Stock,SKU-HEA-0001,https://scrapingsandbox.com/product/1,Scraping Sandbox,2026-09-03
2,Wireless LED Desk Lamp,145.4,,,4.6,,SoundWave,Electronics,Out of Stock,SKU-ELE-0002,https://scrapingsandbox.com/product/2,Scraping Sandbox,2026-09-03
3,Deluxe Tea Collection,185.01,,,3.5,,StyleCraft,Food & Beverage,In Stock,SKU-FOO-0003,https://scrapingsandbox.com/product/3,Scraping Sandbox,2026-09-03
4,Essential Tire Gauge,70.86,,,3.6,,TechVault,Automotive,Out of Stock,SKU-AUT-0004,https://scrapingsandbox.com/product/4,Scraping Sandbox,2026-09-03
5,Smart Carving Tools,97.13,,,3.5,,SparkleBox,Art,In Stock,SKU-ART-0005,https://scrapingsandbox.com/product/5,Scraping Sandbox,2026-09-03
6,Professional Dog Food,145.4,,,4.6,,StyleCraft,Pet Supplies,In Stock,SKU-PET-0006,https://scrapingsandbox.com/product/6,Scraping Sandbox,2026-09-03
7,Smart Car Wash Kit,139.94,,,3.0,,UrbanThread,Automotive,In Stock,SKU-AUT-0007,https://scrapingsandbox.com/product/7,Scraping Sandbox,2026-09-03
8,Premium Bluetooth Speaker,108.99,,,4.5,,AutoParts Pro,Electronics,In Stock,SKU-ELE-0008,https://scrapingsandbox.com/product/8,Scraping Sandbox,2026-09-03
9,Vintage Tablet Stand,44.15,,,3.4,,GlowUp,Electronics,In Stock,SKU-ELE-0009,https://scrapingsandbox.com/product/9,Scraping Sandbox,2026-09-03
10,Portable Marker Pack,193.91,,,4.2,,VitalLife,Art,In Stock,SKU-ART-0010,https://scrapingsandbox.com/product/10,Scraping Sandbox,2026-09-03
11,Professional Brush Kit,55.29,,,3.6,,AutoParts Pro,Art,Out of Stock,SKU-ART-0011,https://scrapingsandbox.com/product/11,Scraping Sandbox,2026-09-03
12,Smart Play Dough,123.5,,,3.5,,AutoParts Pro,Toys,In Stock,SKU-TOY-0012,https://scrapingsandbox.com/product/12,Scraping Sandbox,2026-09-03
13,Premium Vinyl Record,69.22,,,4.5,,DeskMate,Music,In Stock,SKU-MUS-0013,https://scrapingsandbox.com/product/13,Scraping Sandbox,2026-09-03
14,Professional Aquarium Plant,71.68,,,4.6,,TechVault,Pet Supplies,In Stock,SKU-PET-0014,https://scrapingsandbox.com/product/14,Scraping Sandbox,2026-09-03
15,Vintage Stuffed Animal,124.84,,,5.0,,HomeNest,Toys,In Stock,SKU-TOY-0015,https://scrapingsandbox.com/product/15,Scraping Sandbox,2026-09-03
16,Eco-Friendly Protein Bar,76.27,,,3.9,,UrbanThread,Food & Beverage,In Stock,SKU-FOO-0016,https://scrapingsandbox.com/product/16,Scraping Sandbox,2026-09-03
17,Lightweight Paper Clips,156.17,,,4.3,,UrbanThread,Office Supplies,In Stock,SKU-OFF-0017,https://scrapingsandbox.com/product/17,Scraping Sandbox,2026-09-03
18,Professional Guitar Strings,159.77,,,4.1,,NovaTech,Music,In Stock,SKU-MUS-0018,https://scrapingsandbox.com/product/18,Scraping Sandbox,2026-09-03
19,Premium Business Book,175.14,,,4.9,,PageTurner,Books,In Stock,SKU-BOO-0019,https://scrapingsandbox.com/product/19,Scraping Sandbox,2026-09-03
20,Handcrafted Locket,106.84,,,4.2,,DeskMate,Jewelry,In Stock,SKU-JEW-0020,https://scrapingsandbox.com/product/20,Scraping Sandbox,2026-09-03
21,Compact Heating Pad,70.83,,,4.8,,NovaTech,Health,In Stock,SKU-HEA-0021,https://scrapingsandbox.com/product/21,Scraping Sandbox,2026-09-03
22,Advanced Brake Pad,108.45,,,4.3,,PlayZone,Automotive,In Stock,SKU-AUT-0022,https://scrapingsandbox.com/product/22,Scraping Sandbox,2026-09-03
23,Heavy-Duty Seat Cover,30.36,,,4.2,,ProGear,Automotive,In Stock,SKU-AUT-0023,https://scrapingsandbox.com/product/23,Scraping Sandbox,2026-09-03
24,Heavy-Duty Palette,179.54,,,3.7,,TasteBud,Art,In Stock,SKU-ART-0024,https://scrapingsandbox.com/product/24,Scraping Sandbox,2026-09-03
25,Vintage Nerf Gun,107.53,,,3.6,,CozyCorner,Toys,In Stock,SKU-TOY-0025,https://scrapingsandbox.com/product/25,Scraping Sandbox,2026-09-03
26,Pro Stamp Set,16.25,,,4.6,,CozyCorner,Office Supplies,In Stock,SKU-OFF-0026,https://scrapingsandbox.com/product/26,Scraping Sandbox,2026-09-03
27,Premium Air Freshener,165.03,,,4.8,,VitalLife,Automotive,Out of Stock,SKU-AUT-0027,https://scrapingsandbox.com/product/27,Scraping Sandbox,2026-09-03
28,Heavy-Duty Label Maker,195.41,,,3.2,,PawPal,Office Supplies,In Stock,SKU-OFF-0028,https://scrapingsandbox.com/product/28,Scraping Sandbox,2026-09-03
29,Lightweight Blood Pressure Monitor,170.16,,,4.9,,FitPro,Health,Out of Stock,SKU-HEA-0029,https://scrapingsandbox.com/product/29,Scraping Sandbox,2026-09-03
30,Ultra USB-C Hub,110.55,,,3.9,,HomeNest,Electronics,In Stock,SKU-ELE-0030,https://scrapingsandbox.com/product/30,Scraping Sandbox,2026-09-03
31,Premium Travel Guide,133.28,,,3.6,,SoundWave,Books,In Stock,SKU-BOO-0031,https://scrapingsandbox.com/product/31,Scraping Sandbox,2026-09-03
32,Vintage Speaker Cable,49.19,,,3.4,,ProGear,Music,Out of Stock,SKU-MUS-0032,https://scrapingsandbox.com/product/32,Scraping Sandbox,2026-09-03
33,Classic First Aid Kit,15.69,,,4.1,,VitalLife,Health,In Stock,SKU-HEA-0033,https://scrapingsandbox.com/product/33,Scraping Sandbox,2026-09-03
34,Eco-Friendly Grip Gloves,193.06,,,3.7,,StyleCraft,Sports,Out of Stock,SKU-SPO-0034,https://scrapingsandbox.com/product/34,Scraping Sandbox,2026-09-03
35,Vintage Hoop Earrings,27.37,,,3.1,,TasteBud,Jewelry,In Stock,SKU-JEW-0035,https://scrapingsandbox.com/product/35,Scraping Sandbox,2026-09-03
36,Modern Nut Mix,31.27,,,3.9,,NovaTech,Food & Beverage,In Stock,SKU-FOO-0036,https://scrapingsandbox.com/product/36,Scraping Sandbox,2026-09-03
37,Handcrafted Flannel Shirt,164.84,,,4.4,,SparkleBox,Clothing,In Stock,SKU-CLO-0037,https://scrapingsandbox.com/product/37,Scraping Sandbox,2026-09-03
38,Lightweight Vitamin Pack,148.91,,,4.6,,VitalLife,Health,In Stock,SKU-HEA-0038,https://scrapingsandbox.com/product/38,Scraping Sandbox,2026-09-03
39,Compact Canvas,204.29,,,4.7,,NovaTech,Art,In Stock,SKU-ART-0039,https://scrapingsandbox.com/product/39,Scraping Sandbox,2026-09-03
40,Professional Skipping Rope,31.33,,,3.4,,SoundWave,Sports,In Stock,SKU-SPO-0040,https://scrapingsandbox.com/product/40,Scraping Sandbox,2026-09-03
41,Ultra Cookbook,104.27,,,3.3,,PlayZone,Books,In Stock,SKU-BOO-0041,https://scrapingsandbox.com/product/41,Scraping Sandbox,2026-09-03
42,Vintage Microphone,27.42,,,3.3,,PageTurner,Electronics,Out of Stock,SKU-ELE-0042,https://scrapingsandbox.com/product/42,Scraping Sandbox,2026-09-03
43,Limited Edition Calligraphy Set,44.65,,,4.1,,NovaTech,Art,In Stock,SKU-ART-0043,https://scrapingsandbox.com/product/43,Scraping Sandbox,2026-09-03
44,Vintage Art Book,91.83,,,4.3,,HomeNest,Books,In Stock,SKU-BOO-0044,https://scrapingsandbox.com/product/44,Scraping Sandbox,2026-09-03
45,Handcrafted Chain,13.6,,,3.4,,CozyCorner,Jewelry,In Stock,SKU-JEW-0045,https://scrapingsandbox.com/product/45,Scraping Sandbox,2026-09-03
46,Heavy-Duty Play Dough,50.6,,,4.5,,DeskMate,Toys,In Stock,SKU-TOY-0046,https://scrapingsandbox.com/product/46,Scraping Sandbox,2026-09-03
47,Classic Sunscreen,157.22,,,4.1,,DeskMate,Beauty,Out of Stock,SKU-BEA-0047,https://scrapingsandbox.com/product/47,Scraping Sandbox,2026-09-03
48,Smart Ab Wheel,102.86,,,3.6,,FitPro,Sports,In Stock,SKU-SPO-0048,https://scrapingsandbox.com/product/48,Scraping Sandbox,2026-09-03
49,Ultra Vinyl Record,158.97,,,3.7,,GlowUp,Music,In Stock,SKU-MUS-0049,https://scrapingsandbox.com/product/49,Scraping Sandbox,2026-09-03
50,Organic Olive Oil,52.91,,,3.2,,PlayZone,Food & Beverage,In Stock,SKU-FOO-0050,https://scrapingsandbox.com/product/50,Scraping Sandbox,2026-09-03
51,Premium Belt,67.17,,,4.6,,MindBooks,Clothing,In Stock,SKU-CLO-0051,https://scrapingsandbox.com/product/51,Scraping Sandbox,2026-09-03
52,Advanced Journal,84.44,,,3.4,,VitalLife,Books,In Stock,SKU-BOO-0052,https://scrapingsandbox.com/product/52,Scraping Sandbox,2026-09-03
53,Wireless Jam Collection,175.09,,,3.7,,UrbanThread,Food & Beverage,Out of Stock,SKU-FOO-0053,https://scrapingsandbox.com/product/53,Scraping Sandbox,2026-09-03
54,Portable Children's Book,141.9,,,3.3,,FitPro,Books,In Stock,SKU-BOO-0054,https://scrapingsandbox.com/product/54,Scraping Sandbox,2026-09-03
55,Professional MIDI Controller,79.85,,,4.2,,SoundWave,Music,In Stock,SKU-MUS-0055,https://scrapingsandbox.com/product/55,Scraping Sandbox,2026-09-03
56,Essential Ring Light,117.84,,,4.0,,TechVault,Electronics,In Stock,SKU-ELE-0056,https://scrapingsandbox.com/product/56,Scraping Sandbox,2026-09-03
57,Essential Thermometer,81.15,,,3.4,,PageTurner,Health,In Stock,SKU-HEA-0057,https://scrapingsandbox.com/product/57,Scraping Sandbox,2026-09-03
58,Advanced File Folder,156.62,,,3.5,,StyleCraft,Office Supplies,Out of Stock,SKU-OFF-0058,https://scrapingsandbox.com/product/58,Scraping Sandbox,2026-09-03
59,Advanced Watch,45.33,,,3.3,,FitPro,Clothing,In Stock,SKU-CLO-0059,https://scrapingsandbox.com/product/59,Scraping Sandbox,2026-09-03
60,Eco-Friendly Puzzle Set,158.96,,,4.1,,FitPro,Toys,In Stock,SKU-TOY-0060,https://scrapingsandbox.com/product/60,Scraping Sandbox,2026-09-03
61,Essential Spark Plug,180.29,,,3.4,,NovaTech,Automotive,In Stock,SKU-AUT-0061,https://scrapingsandbox.com/product/61,Scraping Sandbox,2026-09-03
62,Compact Smart Watch,102.16,,,4.4,,HomeNest,Electronics,Out of Stock,SKU-ELE-0062,https://scrapingsandbox.com/product/62,Scraping Sandbox,2026-09-03
63,Professional Watch,100.01,,,3.1,,StyleCraft,Clothing,In Stock,SKU-CLO-0063,https://scrapingsandbox.com/product/63,Scraping Sandbox,2026-09-03
64,Professional Thermometer,199.47,,,3.6,,UrbanThread,Health,Out of Stock,SKU-HEA-0064,https://scrapingsandbox.com/product/64,Scraping Sandbox,2026-09-03
65,Classic Litter Box,53.01,,,3.1,,SparkleBox,Pet Supplies,Out of Stock,SKU-PET-0065,https://scrapingsandbox.com/product/65,Scraping Sandbox,2026-09-03
66,Vintage Trunk Organizer,182.08,,,3.7,,StyleCraft,Automotive,In Stock,SKU-AUT-0066,https://scrapingsandbox.com/product/66,Scraping Sandbox,2026-09-03
67,Lightweight Toe Ring,188.36,,,4.4,,FitPro,Jewelry,In Stock,SKU-JEW-0067,https://scrapingsandbox.com/product/67,Scraping Sandbox,2026-09-03
68,Wireless Stamp Set,45.66,,,4.5,,GlowUp,Office Supplies,In Stock,SKU-OFF-0068,https://scrapingsandbox.com/product/68,Scraping Sandbox,2026-09-03
69,Lightweight Cardigan,11.02,,,4.3,,HomeNest,Clothing,In Stock,SKU-CLO-0069,https://scrapingsandbox.com/product/69,Scraping Sandbox,2026-09-03
70,Classic Moisturizer,143.0,,,4.4,,HomeNest,Beauty,In Stock,SKU-BEA-0070,https://scrapingsandbox.com/product/70,Scraping Sandbox,2026-09-03
71,Classic Canvas,21.25,,,3.6,,AutoParts Pro,Art,In Stock,SKU-ART-0071,https://scrapingsandbox.com/product/71,Scraping Sandbox,2026-09-03
72,Handcrafted Speaker Cable,70.07,,,3.2,,PawPal,Music,In Stock,SKU-MUS-0072,https://scrapingsandbox.com/product/72,Scraping Sandbox,2026-09-03
73,Advanced Pick Set,128.87,,,4.2,,TechVault,Music,In Stock,SKU-MUS-0073,https://scrapingsandbox.com/product/73,Scraping Sandbox,2026-09-03
74,Lightweight Tuner,148.14,,,3.4,,VitalLife,Music,Out of Stock,SKU-MUS-0074,https://scrapingsandbox.com/product/74,Scraping Sandbox,2026-09-03
75,Limited Edition File Folder,55.52,,,4.4,,ProGear,Office Supplies,In Stock,SKU-OFF-0075,https://scrapingsandbox.com/product/75,Scraping Sandbox,2026-09-03
76,Lightweight Socks Pack,187.14,,,3.7,,PawPal,Clothing,Out of Stock,SKU-CLO-0076,https://scrapingsandbox.com/product/76,Scraping Sandbox,2026-09-03
77,Modern Coffee Beans,6.22,,,4.3,,DeskMate,Food & Beverage,In Stock,SKU-FOO-0077,https://scrapingsandbox.com/product/77,Scraping Sandbox,2026-09-03
78,Wireless Car Vacuum,42.41,,,4.8,,PawPal,Automotive,In Stock,SKU-AUT-0078,https://scrapingsandbox.com/product/78,Scraping Sandbox,2026-09-03
79,Classic Pill Organizer,141.59,,,4.8,,SoundWave,Health,In Stock,SKU-HEA-0079,https://scrapingsandbox.com/product/79,Scraping Sandbox,2026-09-03
80,Portable Planner,16.64,,,3.5,,VitalLife,Books,In Stock,SKU-BOO-0080,https://scrapingsandbox.com/product/80,Scraping Sandbox,2026-09-03
81,Eco-Friendly Blood Pressure Monitor,115.64,,,3.8,,AutoParts Pro,Health,In Stock,SKU-HEA-0081,https://scrapingsandbox.com/product/81,Scraping Sandbox,2026-09-03
82,Portable Sneakers,24.83,,,3.5,,PlayZone,Clothing,In Stock,SKU-CLO-0082,https://scrapingsandbox.com/product/82,Scraping Sandbox,2026-09-03
83,Ultra Locket,158.09,,,3.6,,MindBooks,Jewelry,In Stock,SKU-JEW-0083,https://scrapingsandbox.com/product/83,Scraping Sandbox,2026-09-03
84,Professional Vitamin Pack,90.2,,,4.7,,VitalLife,Health,In Stock,SKU-HEA-0084,https://scrapingsandbox.com/product/84,Scraping Sandbox,2026-09-03
85,Ultra First Aid Kit,56.04,,,3.3,,PlayZone,Health,In Stock,SKU-HEA-0085,https://scrapingsandbox.com/product/85,Scraping Sandbox,2026-09-03
86,Vintage Highlighters,195.45,,,4.2,,MindBooks,Office Supplies,In Stock,SKU-OFF-0086,https://scrapingsandbox.com/product/86,Scraping Sandbox,2026-09-03
87,Pro Headphones,86.34,,,3.6,,TechVault,Music,In Stock,SKU-MUS-0087,https://scrapingsandbox.com/product/87,Scraping Sandbox,2026-09-03
88,Organic Clock,90.92,,,4.2,,ProGear,Home & Garden,In Stock,SKU-HOM-0088,https://scrapingsandbox.com/product/88,Scraping Sandbox,2026-09-03
89,Wireless Smart Watch,27.3,,,4.8,,AutoParts Pro,Electronics,Out of Stock,SKU-ELE-0089,https://scrapingsandbox.com/product/89,Scraping Sandbox,2026-09-03
90,Wireless Headphones,125.33,,,3.0,,ProGear,Music,In Stock,SKU-MUS-0090,https://scrapingsandbox.com/product/90,Scraping Sandbox,2026-09-03
91,Premium Seat Cover,14.0,,,3.5,,UrbanThread,Automotive,In Stock,SKU-AUT-0091,https://scrapingsandbox.com/product/91,Scraping Sandbox,2026-09-03
92,Advanced Napkin Holder,170.01,,,4.0,,SoundWave,Home & Garden,In Stock,SKU-HOM-0092,https://scrapingsandbox.com/product/92,Scraping Sandbox,2026-09-03
93,Lightweight Battery,93.48,,,4.1,,AutoParts Pro,Automotive,In Stock,SKU-AUT-0093,https://scrapingsandbox.com/product/93,Scraping Sandbox,2026-09-03
94,Compact Joggers,35.16,,,4.8,,SoundWave,Clothing,In Stock,SKU-CLO-0094,https://scrapingsandbox.com/product/94,Scraping Sandbox,2026-09-03
95,Heavy-Duty Olive Oil,152.94,,,3.1,,ProGear,Food & Beverage,Out of Stock,SKU-FOO-0095,https://scrapingsandbox.com/product/95,Scraping Sandbox,2026-09-03
96,Smart Bracelet,151.07,,,4.3,,SoundWave,Jewelry,In Stock,SKU-JEW-0096,https://scrapingsandbox.com/product/96,Scraping Sandbox,2026-09-03
97,Deluxe Wiper Blade,121.64,,,4.8,,UrbanThread,Automotive,In Stock,SKU-AUT-0097,https://scrapingsandbox.com/product/97,Scraping Sandbox,2026-09-03
98,Modern Popcorn Pack,147.51,,,3.7,,DeskMate,Food & Beverage,In Stock,SKU-FOO-0098,https://scrapingsandbox.com/product/98,Scraping Sandbox,2026-09-03
99,Advanced Iron Supplement,146.78,,,3.8,,PageTurner,Health,In Stock,SKU-HEA-0099,https://scrapingsandbox.com/product/99,Scraping Sandbox,2026-09-03
100,Eco-Friendly Bangle,51.11,,,4.3,,NovaTech,Jewelry,In Stock,SKU-JEW-0100,https://scrapingsandbox.com/product/100,Scraping Sandbox,2026-09-03
101,Essential Sunglasses,144.83,,,3.2,,FitPro,Clothing,In Stock,SKU-CLO-0101,https://scrapingsandbox.com/product/101,Scraping Sandbox,2026-09-03
102,Heavy-Duty Vinyl Record,194.89,,,3.4,,TechVault,Music,In Stock,SKU-MUS-0102,https://scrapingsandbox.com/product/102,Scraping Sandbox,2026-09-03
103,Smart Storage Basket,7.55,,,4.9,,TasteBud,Home & Garden,In Stock,SKU-HOM-0103,https://scrapingsandbox.com/product/103,Scraping Sandbox,2026-09-03
104,Modern Puzzle Set,146.64,,,3.6,,VitalLife,Toys,In Stock,SKU-TOY-0104,https://scrapingsandbox.com/product/104,Scraping Sandbox,2026-09-03
105,Smart Scarf,109.34,,,3.1,,MindBooks,Clothing,In Stock,SKU-CLO-0105,https://scrapingsandbox.com/product/105,Scraping Sandbox,2026-09-03
106,Vintage Collar,181.46,,,3.3,,GlowUp,Pet Supplies,In Stock,SKU-PET-0106,https://scrapingsandbox.com/product/106,Scraping Sandbox,2026-09-03
107,Compact Sneakers,74.48,,,4.5,,CozyCorner,Clothing,In Stock,SKU-CLO-0107,https://scrapingsandbox.com/product/107,Scraping Sandbox,2026-09-03
108,Deluxe Shorts,192.23,,,3.3,,AutoParts Pro,Clothing,In Stock,SKU-CLO-0108,https://scrapingsandbox.com/product/108,Scraping Sandbox,2026-09-03
109,Portable Sweatband,35.04,,,4.5,,ProGear,Sports,In Stock,SKU-SPO-0109,https://scrapingsandbox.com/product/109,Scraping Sandbox,2026-09-03
110,Classic Tennis Balls,83.72,,,4.8,,UrbanThread,Sports,In Stock,SKU-SPO-0110,https://scrapingsandbox.com/product/110,Scraping Sandbox,2026-09-03
111,Smart Pop Filter,43.29,,,3.3,,CozyCorner,Music,In Stock,SKU-MUS-0111,https://scrapingsandbox.com/product/111,Scraping Sandbox,2026-09-03
112,Advanced Strap,94.54,,,4.6,,CozyCorner,Music,In Stock,SKU-MUS-0112,https://scrapingsandbox.com/product/112,Scraping Sandbox,2026-09-03
113,Deluxe Ab Wheel,36.47,,,4.7,,PawPal,Sports,In Stock,SKU-SPO-0113,https://scrapingsandbox.com/product/113,Scraping Sandbox,2026-09-03
114,Smart Capo,107.29,,,4.4,,PageTurner,Music,In Stock,SKU-MUS-0114,https://scrapingsandbox.com/product/114,Scraping Sandbox,2026-09-03
115,Handcrafted Paper Clips,155.36,,,3.7,,GlowUp,Office Supplies,In Stock,SKU-OFF-0115,https://scrapingsandbox.com/product/115,Scraping Sandbox,2026-09-03
116,Eco-Friendly Tape Dispenser,105.07,,,4.2,,AutoParts Pro,Office Supplies,In Stock,SKU-OFF-0116,https://scrapingsandbox.com/product/116,Scraping Sandbox,2026-09-03
117,Eco-Friendly Thermometer,62.03,,,4.6,,SparkleBox,Health,In Stock,SKU-HEA-0117,https://scrapingsandbox.com/product/117,Scraping Sandbox,2026-09-03
118,Essential Stud Earrings,105.39,,,4.6,,FitPro,Jewelry,In Stock,SKU-JEW-0118,https://scrapingsandbox.com/product/118,Scraping Sandbox,2026-09-03
119,Lightweight Protein Powder,119.4,,,3.9,,VitalLife,Health,In Stock,SKU-HEA-0119,https://scrapingsandbox.com/product/119,Scraping Sandbox,2026-09-03
120,Smart Cardigan,28.73,,,5.0,,TasteBud,Clothing,In Stock,SKU-CLO-0120,https://scrapingsandbox.com/product/120,Scraping Sandbox,2026-09-03
121,Organic Mug Set,150.77,,,4.2,,VitalLife,Home & Garden,In Stock,SKU-HOM-0121,https://scrapingsandbox.com/product/121,Scraping Sandbox,2026-09-03
122,Advanced Catnip,183.75,,,4.8,,GlowUp,Pet Supplies,In Stock,SKU-PET-0122,https://scrapingsandbox.com/product/122,Scraping Sandbox,2026-09-03
123,Handcrafted Business Book,203.17,,,4.9,,StyleCraft,Books,In Stock,SKU-BOO-0123,https://scrapingsandbox.com/product/123,Scraping Sandbox,2026-09-03
124,Ultra Train Set,143.16,,,4.1,,TasteBud,Toys,In Stock,SKU-TOY-0124,https://scrapingsandbox.com/product/124,Scraping Sandbox,2026-09-03
125,Advanced Brooch,177.99,,,4.1,,DeskMate,Jewelry,In Stock,SKU-JEW-0125,https://scrapingsandbox.com/product/125,Scraping Sandbox,2026-09-03
126,Classic Wall Art,154.5,,,4.8,,ProGear,Home & Garden,In Stock,SKU-HOM-0126,https://scrapingsandbox.com/product/126,Scraping Sandbox,2026-09-03
127,Premium Mystery Novel,26.81,,,4.6,,MindBooks,Books,In Stock,SKU-BOO-0127,https://scrapingsandbox.com/product/127,Scraping Sandbox,2026-09-03
128,Eco-Friendly Flannel Shirt,75.16,,,4.4,,ProGear,Clothing,In Stock,SKU-CLO-0128,https://scrapingsandbox.com/product/128,Scraping Sandbox,2026-09-03
129,Lightweight Ice Pack,191.92,,,3.4,,MindBooks,Health,In Stock,SKU-HEA-0129,https://scrapingsandbox.com/product/129,Scraping Sandbox,2026-09-03
130,Portable Bubble Machine,59.9,,,3.9,,CozyCorner,Toys,Out of Stock,SKU-TOY-0130,https://scrapingsandbox.com/product/130,Scraping Sandbox,2026-09-03
131,Lightweight Hand Cream,188.36,,,4.4,,HomeNest,Beauty,In Stock,SKU-BEA-0131,https://scrapingsandbox.com/product/131,Scraping Sandbox,2026-09-03
132,Classic Capo,105.87,,,4.3,,VitalLife,Music,In Stock,SKU-MUS-0132,https://scrapingsandbox.com/product/132,Scraping Sandbox,2026-09-03
133,Professional Car Charger,27.68,,,4.3,,StyleCraft,Automotive,In Stock,SKU-AUT-0133,https://scrapingsandbox.com/product/133,Scraping Sandbox,2026-09-03
134,Eco-Friendly Sunscreen,141.25,,,4.6,,AutoParts Pro,Beauty,In Stock,SKU-BEA-0134,https://scrapingsandbox.com/product/134,Scraping Sandbox,2026-09-03
135,Portable Chain,141.26,,,4.7,,SparkleBox,Jewelry,In Stock,SKU-JEW-0135,https://scrapingsandbox.com/product/135,Scraping Sandbox,2026-09-03
136,Advanced Watch,69.96,,,4.3,,FitPro,Clothing,Out of Stock,SKU-CLO-0136,https://scrapingsandbox.com/product/136,Scraping Sandbox,2026-09-03
137,Modern Stamp Set,55.31,,,4.4,,PageTurner,Office Supplies,Out of Stock,SKU-OFF-0137,https://scrapingsandbox.com/product/137,Scraping Sandbox,2026-09-03
138,Limited Edition Pick Set,10.84,,,4.7,,MindBooks,Music,In Stock,SKU-MUS-0138,https://scrapingsandbox.com/product/138,Scraping Sandbox,2026-09-03
139,Ultra Slime Kit,110.41,,,3.9,,GlowUp,Toys,In Stock,SKU-TOY-0139,https://scrapingsandbox.com/product/139,Scraping Sandbox,2026-09-03
140,Portable Essential Oil,192.76,,,3.5,,NovaTech,Health,In Stock,SKU-HEA-0140,https://scrapingsandbox.com/product/140,Scraping Sandbox,2026-09-03
141,Limited Edition Melatonin,127.15,,,4.9,,GlowUp,Health,In Stock,SKU-HEA-0141,https://scrapingsandbox.com/product/141,Scraping Sandbox,2026-09-03
142,Organic Napkin Holder,161.36,,,4.6,,StyleCraft,Home & Garden,Out of Stock,SKU-HOM-0142,https://scrapingsandbox.com/product/142,Scraping Sandbox,2026-09-03
143,Heavy-Duty Belt,150.56,,,3.3,,AutoParts Pro,Clothing,Out of Stock,SKU-CLO-0143,https://scrapingsandbox.com/product/143,Scraping Sandbox,2026-09-03
144,Organic Self-Help Guide,67.62,,,4.4,,HomeNest,Books,In Stock,SKU-BOO-0144,https://scrapingsandbox.com/product/144,Scraping Sandbox,2026-09-03
145,Premium Stamp Set,193.49,,,4.9,,SparkleBox,Office Supplies,In Stock,SKU-OFF-0145,https://scrapingsandbox.com/product/145,Scraping Sandbox,2026-09-03
146,Vintage Body Chain,126.03,,,5.0,,CozyCorner,Jewelry,In Stock,SKU-JEW-0146,https://scrapingsandbox.com/product/146,Scraping Sandbox,2026-09-03
147,Deluxe LED Desk Lamp,58.45,,,4.7,,DeskMate,Electronics,In Stock,SKU-ELE-0147,https://scrapingsandbox.com/product/147,Scraping Sandbox,2026-09-03
148,Eco-Friendly Yoga Mat,68.34,,,4.1,,GlowUp,Sports,In Stock,SKU-SPO-0148,https://scrapingsandbox.com/product/148,Scraping Sandbox,2026-09-03
149,Handcrafted Building Blocks,153.64,,,4.4,,GlowUp,Toys,In Stock,SKU-TOY-0149,https://scrapingsandbox.com/product/149,Scraping Sandbox,2026-09-03
150,Professional Tablet Stand,194.35,,,3.1,,TechVault,Electronics,Out of Stock,SKU-ELE-0150,https://scrapingsandbox.com/product/150,Scraping Sandbox,2026-09-03
151,Vintage Beef Jerky,120.07,,,4.2,,PageTurner,Food & Beverage,In Stock,SKU-FOO-0151,https://scrapingsandbox.com/product/151,Scraping Sandbox,2026-09-03
152,Premium Carving Tools,29.14,,,3.3,,HomeNest,Art,In Stock,SKU-ART-0152,https://scrapingsandbox.com/product/152,Scraping Sandbox,2026-09-03
153,Smart Aquarium Plant,38.06,,,4.7,,PageTurner,Pet Supplies,In Stock,SKU-PET-0153,https://scrapingsandbox.com/product/153,Scraping Sandbox,2026-09-03
154,Handcrafted Watch,53.69,,,4.0,,AutoParts Pro,Clothing,In Stock,SKU-CLO-0154,https://scrapingsandbox.com/product/154,Scraping Sandbox,2026-09-03
155,Vintage Bird Feeder,88.67,,,4.8,,SoundWave,Pet Supplies,In Stock,SKU-PET-0155,https://scrapingsandbox.com/product/155,Scraping Sandbox,2026-09-03
156,Organic Plant Pot,117.02,,,3.9,,ArtisanHub,Home & Garden,In Stock,SKU-HOM-0156,https://scrapingsandbox.com/product/156,Scraping Sandbox,2026-09-03
157,Eco-Friendly Eye Cream,123.02,,,3.5,,MindBooks,Beauty,In Stock,SKU-BEA-0157,https://scrapingsandbox.com/product/157,Scraping Sandbox,2026-09-03
158,Smart Boxing Gloves,96.53,,,3.7,,StyleCraft,Sports,In Stock,SKU-SPO-0158,https://scrapingsandbox.com/product/158,Scraping Sandbox,2026-09-03
159,Portable Tape Dispenser,102.6,,,4.2,,PawPal,Office Supplies,In Stock,SKU-OFF-0159,https://scrapingsandbox.com/product/159,Scraping Sandbox,2026-09-03
160,Classic Nail Polish,112.45,,,3.0,,SparkleBox,Beauty,In Stock,SKU-BEA-0160,https://scrapingsandbox.com/product/160,Scraping Sandbox,2026-09-03
161,Essential Mystery Novel,153.85,,,3.6,,StyleCraft,Books,In Stock,SKU-BOO-0161,https://scrapingsandbox.com/product/161,Scraping Sandbox,2026-09-03
162,Premium Omega-3 Capsules,201.63,,,5.0,,GlowUp,Health,Out of Stock,SKU-HEA-0162,https://scrapingsandbox.com/product/162,Scraping Sandbox,2026-09-03
163,Classic Leash,89.34,,,4.1,,MindBooks,Pet Supplies,In Stock,SKU-PET-0163,https://scrapingsandbox.com/product/163,Scraping Sandbox,2026-09-03
164,Essential Stud Earrings,158.99,,,3.5,,NovaTech,Jewelry,In Stock,SKU-JEW-0164,https://scrapingsandbox.com/product/164,Scraping Sandbox,2026-09-03
165,Smart Jump Rope,150.09,,,5.0,,DeskMate,Sports,In Stock,SKU-SPO-0165,https://scrapingsandbox.com/product/165,Scraping Sandbox,2026-09-03
166,Premium History Book,41.46,,,3.0,,VitalLife,Books,In Stock,SKU-BOO-0166,https://scrapingsandbox.com/product/166,Scraping Sandbox,2026-09-03
167,Wireless Vinyl Record,107.79,,,4.1,,NovaTech,Music,In Stock,SKU-MUS-0167,https://scrapingsandbox.com/product/167,Scraping Sandbox,2026-09-03
168,Advanced Food Bowl,100.78,,,4.4,,UrbanThread,Pet Supplies,In Stock,SKU-PET-0168,https://scrapingsandbox.com/product/168,Scraping Sandbox,2026-09-03
169,Professional Hoop Earrings,57.53,,,4.1,,SparkleBox,Jewelry,In Stock,SKU-JEW-0169,https://scrapingsandbox.com/product/169,Scraping Sandbox,2026-09-03
170,Smart Seat Cover,48.18,,,3.3,,FitPro,Automotive,In Stock,SKU-AUT-0170,https://scrapingsandbox.com/product/170,Scraping Sandbox,2026-09-03
171,Heavy-Duty Vinyl Record,68.64,,,4.7,,UrbanThread,Music,In Stock,SKU-MUS-0171,https://scrapingsandbox.com/product/171,Scraping Sandbox,2026-09-03
172,Vintage Pull-Up Bar,202.91,,,4.7,,GlowUp,Sports,Out of Stock,SKU-SPO-0172,https://scrapingsandbox.com/product/172,Scraping Sandbox,2026-09-03
173,Portable MIDI Controller,203.13,,,3.1,,NovaTech,Music,In Stock,SKU-MUS-0173,https://scrapingsandbox.com/product/173,Scraping Sandbox,2026-09-03
174,Advanced Eye Cream,7.7,,,4.1,,PageTurner,Beauty,In Stock,SKU-BEA-0174,https://scrapingsandbox.com/product/174,Scraping Sandbox,2026-09-03
175,Modern Planner,113.53,,,4.9,,ArtisanHub,Books,In Stock,SKU-BOO-0175,https://scrapingsandbox.com/product/175,Scraping Sandbox,2026-09-03
176,Lightweight Chinos,18.67,,,3.4,,PageTurner,Clothing,In Stock,SKU-CLO-0176,https://scrapingsandbox.com/product/176,Scraping Sandbox,2026-09-03
177,Premium Spice Set,6.68,,,3.4,,GlowUp,Food & Beverage,In Stock,SKU-FOO-0177,https://scrapingsandbox.com/product/177,Scraping Sandbox,2026-09-03
178,Handcrafted Phone Mount,128.07,,,3.7,,ProGear,Automotive,In Stock,SKU-AUT-0178,https://scrapingsandbox.com/product/178,Scraping Sandbox,2026-09-03
179,Professional Sun Shade,7.31,,,4.4,,HomeNest,Automotive,In Stock,SKU-AUT-0179,https://scrapingsandbox.com/product/179,Scraping Sandbox,2026-09-03
180,Eco-Friendly Blood Pressure Monitor,83.4,,,4.3,,ArtisanHub,Health,Out of Stock,SKU-HEA-0180,https://scrapingsandbox.com/product/180,Scraping Sandbox,2026-09-03
181,Deluxe Protein Bar,120.78,,,4.7,,MindBooks,Food & Beverage,In Stock,SKU-FOO-0181,https://scrapingsandbox.com/product/181,Scraping Sandbox,2026-09-03
182,Lightweight Notebook,165.84,,,3.9,,TechVault,Office Supplies,In Stock,SKU-OFF-0182,https://scrapingsandbox.com/product/182,Scraping Sandbox,2026-09-03
183,Modern Binder,130.68,,,3.2,,MindBooks,Office Supplies,Out of Stock,SKU-OFF-0183,https://scrapingsandbox.com/product/183,Scraping Sandbox,2026-09-03
184,Advanced Car Charger,63.89,,,4.9,,DeskMate,Automotive,In Stock,SKU-AUT-0184,https://scrapingsandbox.com/product/184,Scraping Sandbox,2026-09-03
185,Portable Napkin Holder,76.76,,,3.2,,GlowUp,Home & Garden,In Stock,SKU-HOM-0185,https://scrapingsandbox.com/product/185,Scraping Sandbox,2026-09-03
186,Professional Leash,119.7,,,3.0,,GlowUp,Pet Supplies,In Stock,SKU-PET-0186,https://scrapingsandbox.com/product/186,Scraping Sandbox,2026-09-03
187,Deluxe Ice Scraper,96.31,,,4.2,,CozyCorner,Automotive,In Stock,SKU-AUT-0187,https://scrapingsandbox.com/product/187,Scraping Sandbox,2026-09-03
188,Vintage Label Maker,131.62,,,4.3,,SoundWave,Office Supplies,In Stock,SKU-OFF-0188,https://scrapingsandbox.com/product/188,Scraping Sandbox,2026-09-03
189,Eco-Friendly Amp,121.82,,,3.8,,ArtisanHub,Music,In Stock,SKU-MUS-0189,https://scrapingsandbox.com/product/189,Scraping Sandbox,2026-09-03
190,Limited Edition Stuffed Animal,149.56,,,3.2,,DeskMate,Toys,In Stock,SKU-TOY-0190,https://scrapingsandbox.com/product/190,Scraping Sandbox,2026-09-03
191,Ultra MIDI Controller,9.88,,,3.5,,SoundWave,Music,In Stock,SKU-MUS-0191,https://scrapingsandbox.com/product/191,Scraping Sandbox,2026-09-03
192,Classic Watch,67.38,,,3.3,,NovaTech,Clothing,In Stock,SKU-CLO-0192,https://scrapingsandbox.com/product/192,Scraping Sandbox,2026-09-03
193,Modern Children's Book,38.62,,,4.3,,DeskMate,Books,In Stock,SKU-BOO-0193,https://scrapingsandbox.com/product/193,Scraping Sandbox,2026-09-03
194,Smart Eye Cream,20.01,,,3.1,,TechVault,Beauty,Out of Stock,SKU-BEA-0194,https://scrapingsandbox.com/product/194,Scraping Sandbox,2026-09-03
195,Advanced Spice Set,27.65,,,3.5,,PawPal,Food & Beverage,In Stock,SKU-FOO-0195,https://scrapingsandbox.com/product/195,Scraping Sandbox,2026-09-03
196,Portable Stapler,23.63,,,3.6,,TasteBud,Office Supplies,In Stock,SKU-OFF-0196,https://scrapingsandbox.com/product/196,Scraping Sandbox,2026-09-03
197,Professional Laptop Sleeve,192.64,,,4.4,,PawPal,Electronics,In Stock,SKU-ELE-0197,https://scrapingsandbox.com/product/197,Scraping Sandbox,2026-09-03
198,Eco-Friendly Binder,9.44,,,4.9,,DeskMate,Office Supplies,In Stock,SKU-OFF-0198,https://scrapingsandbox.com/product/198,Scraping Sandbox,2026-09-03
199,Organic Dollhouse,175.94,,,4.8,,PawPal,Toys,In Stock,SKU-TOY-0199,https://scrapingsandbox.com/product/199,Scraping Sandbox,2026-09-03
200,Advanced Stencil Set,154.08,,,3.7,,NovaTech,Art,In Stock,SKU-ART-0200,https://scrapingsandbox.com/product/200,Scraping Sandbox,2026-09-03
201,Compact Metronome,160.71,,,3.9,,SparkleBox,Music,In Stock,SKU-MUS-0201,https://scrapingsandbox.com/product/201,Scraping Sandbox,2026-09-03
202,Modern Plant Pot,90.89,,,3.1,,PageTurner,Home & Garden,In Stock,SKU-HOM-0202,https://scrapingsandbox.com/product/202,Scraping Sandbox,2026-09-03
203,Smart Screen Protector,173.13,,,3.1,,NovaTech,Electronics,In Stock,SKU-ELE-0203,https://scrapingsandbox.com/product/203,Scraping Sandbox,2026-09-03
204,Pro Boom Arm,142.43,,,3.7,,HomeNest,Music,In Stock,SKU-MUS-0204,https://scrapingsandbox.com/product/204,Scraping Sandbox,2026-09-03
205,Modern Phone Case,51.34,,,3.5,,GlowUp,Electronics,In Stock,SKU-ELE-0205,https://scrapingsandbox.com/product/205,Scraping Sandbox,2026-09-03
206,Smart Popcorn Pack,68.14,,,4.2,,ArtisanHub,Food & Beverage,In Stock,SKU-FOO-0206,https://scrapingsandbox.com/product/206,Scraping Sandbox,2026-09-03
207,Premium Sunglasses,129.25,,,3.8,,MindBooks,Clothing,In Stock,SKU-CLO-0207,https://scrapingsandbox.com/product/207,Scraping Sandbox,2026-09-03
208,Pro Belt,144.06,,,3.0,,PageTurner,Clothing,In Stock,SKU-CLO-0208,https://scrapingsandbox.com/product/208,Scraping Sandbox,2026-09-03
209,Eco-Friendly Smart Watch,168.73,,,4.1,,NovaTech,Electronics,In Stock,SKU-ELE-0209,https://scrapingsandbox.com/product/209,Scraping Sandbox,2026-09-03
210,Heavy-Duty Sketchbook,74.16,,,4.9,,TasteBud,Art,In Stock,SKU-ART-0210,https://scrapingsandbox.com/product/210,Scraping Sandbox,2026-09-03
211,Premium Ankle Weights,29.2,,,4.6,,PageTurner,Sports,In Stock,SKU-SPO-0211,https://scrapingsandbox.com/product/211,Scraping Sandbox,2026-09-03
212,Limited Edition Oil Filter,112.39,,,3.3,,FitPro,Automotive,In Stock,SKU-AUT-0212,https://scrapingsandbox.com/product/212,Scraping Sandbox,2026-09-03
213,Premium Charger,23.65,,,5.0,,TechVault,Electronics,In Stock,SKU-ELE-0213,https://scrapingsandbox.com/product/213,Scraping Sandbox,2026-09-03
214,Limited Edition Wall Art,195.03,,,3.4,,NovaTech,Home & Garden,In Stock,SKU-HOM-0214,https://scrapingsandbox.com/product/214,Scraping Sandbox,2026-09-03
215,Portable Hair Pin,5.66,,,3.0,,PageTurner,Jewelry,In Stock,SKU-JEW-0215,https://scrapingsandbox.com/product/215,Scraping Sandbox,2026-09-03
216,Deluxe Laptop Sleeve,17.79,,,4.6,,NovaTech,Electronics,In Stock,SKU-ELE-0216,https://scrapingsandbox.com/product/216,Scraping Sandbox,2026-09-03
217,Wireless Journal,174.01,,,3.5,,CozyCorner,Books,In Stock,SKU-BOO-0217,https://scrapingsandbox.com/product/217,Scraping Sandbox,2026-09-03
218,Essential Litter Box,86.69,,,3.4,,UrbanThread,Pet Supplies,Out of Stock,SKU-PET-0218,https://scrapingsandbox.com/product/218,Scraping Sandbox,2026-09-03
219,Smart Stud Earrings,94.56,,,4.2,,PageTurner,Jewelry,In Stock,SKU-JEW-0219,https://scrapingsandbox.com/product/219,Scraping Sandbox,2026-09-03
220,Modern Wiper Blade,81.75,,,3.8,,NovaTech,Automotive,In Stock,SKU-AUT-0220,https://scrapingsandbox.com/product/220,Scraping Sandbox,2026-09-03
221,Portable Tennis Balls,51.66,,,3.9,,TasteBud,Sports,In Stock,SKU-SPO-0221,https://scrapingsandbox.com/product/221,Scraping Sandbox,2026-09-03
222,Organic Jump Starter,204.67,,,4.9,,CozyCorner,Automotive,In Stock,SKU-AUT-0222,https://scrapingsandbox.com/product/222,Scraping Sandbox,2026-09-03
223,Heavy-Duty Ruler,37.37,,,4.4,,DeskMate,Office Supplies,In Stock,SKU-OFF-0223,https://scrapingsandbox.com/product/223,Scraping Sandbox,2026-09-03
224,Ultra Face Mask,171.32,,,4.1,,SoundWave,Beauty,In Stock,SKU-BEA-0224,https://scrapingsandbox.com/product/224,Scraping Sandbox,2026-09-03
225,Organic Stapler,70.78,,,3.9,,SoundWave,Office Supplies,In Stock,SKU-OFF-0225,https://scrapingsandbox.com/product/225,Scraping Sandbox,2026-09-03
226,Pro Desk Organizer,101.0,,,4.2,,SoundWave,Office Supplies,In Stock,SKU-OFF-0226,https://scrapingsandbox.com/product/226,Scraping Sandbox,2026-09-03
227,Wireless Steering Wheel Cover,156.47,,,4.6,,ProGear,Automotive,In Stock,SKU-AUT-0227,https://scrapingsandbox.com/product/227,Scraping Sandbox,2026-09-03
228,Heavy-Duty Science Book,178.14,,,3.7,,TasteBud,Books,In Stock,SKU-BOO-0228,https://scrapingsandbox.com/product/228,Scraping Sandbox,2026-09-03
229,Vintage Sweatband,114.5,,,5.0,,NovaTech,Sports,In Stock,SKU-SPO-0229,https://scrapingsandbox.com/product/229,Scraping Sandbox,2026-09-03
230,Advanced Energy Drink,54.89,,,4.8,,ArtisanHub,Food & Beverage,In Stock,SKU-FOO-0230,https://scrapingsandbox.com/product/230,Scraping Sandbox,2026-09-03
231,Essential Speaker Cable,70.57,,,3.4,,CozyCorner,Music,In Stock,SKU-MUS-0231,https://scrapingsandbox.com/product/231,Scraping Sandbox,2026-09-03
232,Classic Joggers,204.86,,,4.6,,TechVault,Clothing,In Stock,SKU-CLO-0232,https://scrapingsandbox.com/product/232,Scraping Sandbox,2026-09-03
233,Classic Water Bottle,106.03,,,4.9,,HomeNest,Sports,In Stock,SKU-SPO-0233,https://scrapingsandbox.com/product/233,Scraping Sandbox,2026-09-03
234,Wireless Coloring Book,7.36,,,4.4,,TechVault,Books,In Stock,SKU-BOO-0234,https://scrapingsandbox.com/product/234,Scraping Sandbox,2026-09-03
235,Deluxe Pencil Set,168.21,,,3.0,,VitalLife,Art,In Stock,SKU-ART-0235,https://scrapingsandbox.com/product/235,Scraping Sandbox,2026-09-03
236,Handcrafted Joggers,117.83,,,3.9,,DeskMate,Clothing,In Stock,SKU-CLO-0236,https://scrapingsandbox.com/product/236,Scraping Sandbox,2026-09-03
237,Classic Makeup Brush Set,149.46,,,4.5,,SparkleBox,Beauty,In Stock,SKU-BEA-0237,https://scrapingsandbox.com/product/237,Scraping Sandbox,2026-09-03
238,Wireless Audio Cable,75.81,,,3.1,,NovaTech,Music,In Stock,SKU-MUS-0238,https://scrapingsandbox.com/product/238,Scraping Sandbox,2026-09-03
239,Smart Mouse Pad,21.44,,,4.0,,TasteBud,Electronics,In Stock,SKU-ELE-0239,https://scrapingsandbox.com/product/239,Scraping Sandbox,2026-09-03
240,Wireless Chain,95.83,,,3.2,,SoundWave,Jewelry,In Stock,SKU-JEW-0240,https://scrapingsandbox.com/product/240,Scraping Sandbox,2026-09-03
241,Lightweight Planner,111.17,,,4.1,,AutoParts Pro,Books,In Stock,SKU-BOO-0241,https://scrapingsandbox.com/product/241,Scraping Sandbox,2026-09-03
242,Lightweight Storage Basket,174.65,,,4.5,,CozyCorner,Home & Garden,In Stock,SKU-HOM-0242,https://scrapingsandbox.com/product/242,Scraping Sandbox,2026-09-03
243,Pro Spice Rack,184.66,,,4.2,,TechVault,Home & Garden,In Stock,SKU-HOM-0243,https://scrapingsandbox.com/product/243,Scraping Sandbox,2026-09-03
244,Deluxe Bath Bomb,79.62,,,4.0,,DeskMate,Beauty,In Stock,SKU-BEA-0244,https://scrapingsandbox.com/product/244,Scraping Sandbox,2026-09-03
245,Advanced Scarf,79.61,,,3.8,,AutoParts Pro,Clothing,In Stock,SKU-CLO-0245,https://scrapingsandbox.com/product/245,Scraping Sandbox,2026-09-03
246,Portable Popcorn Pack,75.79,,,4.3,,ArtisanHub,Food & Beverage,In Stock,SKU-FOO-0246,https://scrapingsandbox.com/product/246,Scraping Sandbox,2026-09-03
247,Professional HDMI Cable,27.06,,,4.8,,FitPro,Electronics,In Stock,SKU-ELE-0247,https://scrapingsandbox.com/product/247,Scraping Sandbox,2026-09-03
248,Organic Toe Ring,201.23,,,4.4,,MindBooks,Jewelry,In Stock,SKU-JEW-0248,https://scrapingsandbox.com/product/248,Scraping Sandbox,2026-09-03
249,Pro Guitar Strings,149.41,,,4.7,,TasteBud,Music,In Stock,SKU-MUS-0249,https://scrapingsandbox.com/product/249,Scraping Sandbox,2026-09-03
250,Essential Sweatband,173.68,,,4.6,,PageTurner,Sports,In Stock,SKU-SPO-0250,https://scrapingsandbox.com/product/250,Scraping Sandbox,2026-09-03
251,Modern Pet Bed,76.46,,,3.7,,TasteBud,Pet Supplies,In Stock,SKU-PET-0251,https://scrapingsandbox.com/product/251,Scraping Sandbox,2026-09-03
252,Lightweight Napkin Holder,124.68,,,4.0,,DeskMate,Home & Garden,In Stock,SKU-HOM-0252,https://scrapingsandbox.com/product/252,Scraping Sandbox,2026-09-03
253,Eco-Friendly Resistance Bands,60.21,,,3.8,,TechVault,Sports,In Stock,SKU-SPO-0253,https://scrapingsandbox.com/product/253,Scraping Sandbox,2026-09-03
254,Modern Brooch,23.37,,,3.3,,PageTurner,Jewelry,In Stock,SKU-JEW-0254,https://scrapingsandbox.com/product/254,Scraping Sandbox,2026-09-03
255,Premium Ring Light,40.46,,,3.3,,ArtisanHub,Electronics,Out of Stock,SKU-ELE-0255,https://scrapingsandbox.com/product/255,Scraping Sandbox,2026-09-03
256,Essential Fish Tank Filter,84.36,,,4.8,,ProGear,Pet Supplies,In Stock,SKU-PET-0256,https://scrapingsandbox.com/product/256,Scraping Sandbox,2026-09-03
257,Heavy-Duty Brush Kit,86.42,,,3.8,,ArtisanHub,Art,In Stock,SKU-ART-0257,https://scrapingsandbox.com/product/257,Scraping Sandbox,2026-09-03
258,Compact Throw Pillow,194.24,,,3.8,,SoundWave,Home & Garden,In Stock,SKU-HOM-0258,https://scrapingsandbox.com/product/258,Scraping Sandbox,2026-09-03
259,Heavy-Duty Trunk Organizer,159.86,,,3.5,,UrbanThread,Automotive,Out of Stock,SKU-AUT-0259,https://scrapingsandbox.com/product/259,Scraping Sandbox,2026-09-03
260,Eco-Friendly Body Chain,68.39,,,3.3,,ArtisanHub,Jewelry,In Stock,SKU-JEW-0260,https://scrapingsandbox.com/product/260,Scraping Sandbox,2026-09-03
261,Pro Grooming Brush,77.92,,,5.0,,StyleCraft,Pet Supplies,In Stock,SKU-PET-0261,https://scrapingsandbox.com/product/261,Scraping Sandbox,2026-09-03
262,Smart Storage Basket,146.35,,,4.1,,PageTurner,Home & Garden,Out of Stock,SKU-HOM-0262,https://scrapingsandbox.com/product/262,Scraping Sandbox,2026-09-03
263,Advanced Olive Oil,198.79,,,3.4,,TasteBud,Food & Beverage,In Stock,SKU-FOO-0263,https://scrapingsandbox.com/product/263,Scraping Sandbox,2026-09-03
264,Professional Stuffed Animal,166.62,,,4.5,,DeskMate,Toys,Out of Stock,SKU-TOY-0264,https://scrapingsandbox.com/product/264,Scraping Sandbox,2026-09-03
265,Organic Gaming Mouse,28.78,,,3.5,,MindBooks,Electronics,In Stock,SKU-ELE-0265,https://scrapingsandbox.com/product/265,Scraping Sandbox,2026-09-03
266,Essential LED Desk Lamp,156.21,,,3.3,,TechVault,Electronics,In Stock,SKU-ELE-0266,https://scrapingsandbox.com/product/266,Scraping Sandbox,2026-09-03
267,Classic Graphic Novel,112.38,,,4.9,,PageTurner,Books,In Stock,SKU-BOO-0267,https://scrapingsandbox.com/product/267,Scraping Sandbox,2026-09-03
268,Modern Omega-3 Capsules,13.4,,,4.4,,PageTurner,Health,In Stock,SKU-HEA-0268,https://scrapingsandbox.com/product/268,Scraping Sandbox,2026-09-03
269,Handcrafted Compression Sleeve,154.03,,,4.9,,StyleCraft,Health,In Stock,SKU-HEA-0269,https://scrapingsandbox.com/product/269,Scraping Sandbox,2026-09-03
270,Lightweight Dog Treat,160.82,,,4.4,,PageTurner,Pet Supplies,In Stock,SKU-PET-0270,https://scrapingsandbox.com/product/270,Scraping Sandbox,2026-09-03
271,Portable Puzzle Set,83.15,,,3.0,,HomeNest,Toys,In Stock,SKU-TOY-0271,https://scrapingsandbox.com/product/271,Scraping Sandbox,2026-09-03
272,Compact Travel Guide,19.33,,,5.0,,PlayZone,Books,In Stock,SKU-BOO-0272,https://scrapingsandbox.com/product/272,Scraping Sandbox,2026-09-03
273,Portable Fitness Tracker,147.65,,,3.3,,FitPro,Sports,In Stock,SKU-SPO-0273,https://scrapingsandbox.com/product/273,Scraping Sandbox,2026-09-03
274,Smart Lip Balm,117.61,,,3.1,,PawPal,Beauty,In Stock,SKU-BEA-0274,https://scrapingsandbox.com/product/274,Scraping Sandbox,2026-09-03
275,Ultra Play Dough,60.0,,,4.7,,PlayZone,Toys,Out of Stock,SKU-TOY-0275,https://scrapingsandbox.com/product/275,Scraping Sandbox,2026-09-03
276,Portable Whiteboard,100.95,,,4.3,,HomeNest,Office Supplies,Out of Stock,SKU-OFF-0276,https://scrapingsandbox.com/product/276,Scraping Sandbox,2026-09-03
277,Pro Silver Necklace,169.56,,,4.6,,TasteBud,Jewelry,In Stock,SKU-JEW-0277,https://scrapingsandbox.com/product/277,Scraping Sandbox,2026-09-03
278,Portable Throw Pillow,62.55,,,4.2,,HomeNest,Home & Garden,In Stock,SKU-HOM-0278,https://scrapingsandbox.com/product/278,Scraping Sandbox,2026-09-03
279,Portable Compression Socks,21.34,,,4.8,,StyleCraft,Sports,In Stock,SKU-SPO-0279,https://scrapingsandbox.com/product/279,Scraping Sandbox,2026-09-03
280,Advanced Amp,179.11,,,4.9,,PageTurner,Music,In Stock,SKU-MUS-0280,https://scrapingsandbox.com/product/280,Scraping Sandbox,2026-09-03
281,Organic Toner,33.68,,,4.0,,PawPal,Beauty,In Stock,SKU-BEA-0281,https://scrapingsandbox.com/product/281,Scraping Sandbox,2026-09-03
282,Vintage Melatonin,72.06,,,3.7,,SoundWave,Health,In Stock,SKU-HEA-0282,https://scrapingsandbox.com/product/282,Scraping Sandbox,2026-09-03
283,Organic Snack Box,121.79,,,3.8,,GlowUp,Food & Beverage,In Stock,SKU-FOO-0283,https://scrapingsandbox.com/product/283,Scraping Sandbox,2026-09-03
284,Classic Snack Box,55.44,,,4.8,,DeskMate,Food & Beverage,In Stock,SKU-FOO-0284,https://scrapingsandbox.com/product/284,Scraping Sandbox,2026-09-03
285,Heavy-Duty Microphone,9.7,,,3.3,,ProGear,Electronics,In Stock,SKU-ELE-0285,https://scrapingsandbox.com/product/285,Scraping Sandbox,2026-09-03
286,Wireless Jam Collection,107.47,,,4.3,,SparkleBox,Food & Beverage,Out of Stock,SKU-FOO-0286,https://scrapingsandbox.com/product/286,Scraping Sandbox,2026-09-03
287,Essential Dried Fruit,16.27,,,3.7,,AutoParts Pro,Food & Beverage,In Stock,SKU-FOO-0287,https://scrapingsandbox.com/product/287,Scraping Sandbox,2026-09-03
288,Advanced Flea Collar,192.71,,,4.0,,NovaTech,Pet Supplies,In Stock,SKU-PET-0288,https://scrapingsandbox.com/product/288,Scraping Sandbox,2026-09-03
289,Portable Mechanical Keyboard,58.98,,,4.5,,NovaTech,Electronics,In Stock,SKU-ELE-0289,https://scrapingsandbox.com/product/289,Scraping Sandbox,2026-09-03
290,Deluxe Pasta Set,74.26,,,3.3,,UrbanThread,Food & Beverage,In Stock,SKU-FOO-0290,https://scrapingsandbox.com/product/290,Scraping Sandbox,2026-09-03
291,Vintage Honey Jar,17.89,,,3.6,,SparkleBox,Food & Beverage,In Stock,SKU-FOO-0291,https://scrapingsandbox.com/product/291,Scraping Sandbox,2026-09-03
292,Classic Body Lotion,12.7,,,4.5,,UrbanThread,Beauty,Out of Stock,SKU-BEA-0292,https://scrapingsandbox.com/product/292,Scraping Sandbox,2026-09-03
293,Wireless Envelope Pack,21.41,,,3.5,,GlowUp,Office Supplies,In Stock,SKU-OFF-0293,https://scrapingsandbox.com/product/293,Scraping Sandbox,2026-09-03
294,Eco-Friendly Chain,172.63,,,4.6,,HomeNest,Jewelry,In Stock,SKU-JEW-0294,https://scrapingsandbox.com/product/294,Scraping Sandbox,2026-09-03
295,Heavy-Duty Hair Oil,52.79,,,3.4,,ProGear,Beauty,In Stock,SKU-BEA-0295,https://scrapingsandbox.com/product/295,Scraping Sandbox,2026-09-03
296,Organic Wiper Blade,201.44,,,4.6,,PlayZone,Automotive,In Stock,SKU-AUT-0296,https://scrapingsandbox.com/product/296,Scraping Sandbox,2026-09-03
297,Wireless Foam Roller,194.7,,,3.6,,AutoParts Pro,Sports,In Stock,SKU-SPO-0297,https://scrapingsandbox.com/product/297,Scraping Sandbox,2026-09-03
298,Vintage Calculator,100.01,,,3.3,,TasteBud,Office Supplies,In Stock,SKU-OFF-0298,https://scrapingsandbox.com/product/298,Scraping Sandbox,2026-09-03
299,Smart Science Book,73.2,,,3.5,,ProGear,Books,In Stock,SKU-BOO-0299,https://scrapingsandbox.com/product/299,Scraping Sandbox,2026-09-03
300,Advanced Calligraphy Set,39.94,,,4.1,,TasteBud,Art,In Stock,SKU-ART-0300,https://scrapingsandbox.com/product/300,Scraping Sandbox,2026-09-03
301,Ultra MIDI Controller,83.16,,,3.1,,MindBooks,Music,In Stock,SKU-MUS-0301,https://scrapingsandbox.com/product/301,Scraping Sandbox,2026-09-03
302,Modern Oil Filter,146.29,,,4.1,,TasteBud,Automotive,In Stock,SKU-AUT-0302,https://scrapingsandbox.com/product/302,Scraping Sandbox,2026-09-03
303,Compact Mouse Pad,81.42,,,4.0,,SoundWave,Electronics,In Stock,SKU-ELE-0303,https://scrapingsandbox.com/product/303,Scraping Sandbox,2026-09-03
304,Pro Vitamin Pack,84.0,,,4.3,,MindBooks,Health,In Stock,SKU-HEA-0304,https://scrapingsandbox.com/product/304,Scraping Sandbox,2026-09-03
305,Portable Stuffed Animal,79.08,,,3.2,,UrbanThread,Toys,In Stock,SKU-TOY-0305,https://scrapingsandbox.com/product/305,Scraping Sandbox,2026-09-03
306,Wireless Joggers,181.84,,,3.2,,TasteBud,Clothing,In Stock,SKU-CLO-0306,https://scrapingsandbox.com/product/306,Scraping Sandbox,2026-09-03
307,Professional Air Freshener,148.02,,,4.8,,PlayZone,Automotive,In Stock,SKU-AUT-0307,https://scrapingsandbox.com/product/307,Scraping Sandbox,2026-09-03
308,Premium Easel,125.0,,,3.7,,AutoParts Pro,Art,Out of Stock,SKU-ART-0308,https://scrapingsandbox.com/product/308,Scraping Sandbox,2026-09-03
309,Advanced Stud Earrings,19.77,,,3.5,,TasteBud,Jewelry,In Stock,SKU-JEW-0309,https://scrapingsandbox.com/product/309,Scraping Sandbox,2026-09-03
310,Portable Robot Kit,107.24,,,4.9,,PlayZone,Toys,In Stock,SKU-TOY-0310,https://scrapingsandbox.com/product/310,Scraping Sandbox,2026-09-03
311,Compact Mug Set,191.35,,,4.6,,UrbanThread,Home & Garden,In Stock,SKU-HOM-0311,https://scrapingsandbox.com/product/311,Scraping Sandbox,2026-09-03
312,Essential Science Book,130.86,,,4.7,,FitPro,Books,In Stock,SKU-BOO-0312,https://scrapingsandbox.com/product/312,Scraping Sandbox,2026-09-03
313,Lightweight Biography,189.7,,,4.6,,CozyCorner,Books,In Stock,SKU-BOO-0313,https://scrapingsandbox.com/product/313,Scraping Sandbox,2026-09-03
314,Organic Eye Cream,5.12,,,3.8,,GlowUp,Beauty,In Stock,SKU-BEA-0314,https://scrapingsandbox.com/product/314,Scraping Sandbox,2026-09-03
315,Premium Omega-3 Capsules,115.44,,,3.6,,StyleCraft,Health,In Stock,SKU-HEA-0315,https://scrapingsandbox.com/product/315,Scraping Sandbox,2026-09-03
316,Deluxe SSD Drive,8.33,,,4.2,,ArtisanHub,Electronics,In Stock,SKU-ELE-0316,https://scrapingsandbox.com/product/316,Scraping Sandbox,2026-09-03
317,Ultra Bangle,194.15,,,5.0,,TasteBud,Jewelry,In Stock,SKU-JEW-0317,https://scrapingsandbox.com/product/317,Scraping Sandbox,2026-09-03
318,Premium Stuffed Animal,97.99,,,3.0,,VitalLife,Toys,In Stock,SKU-TOY-0318,https://scrapingsandbox.com/product/318,Scraping Sandbox,2026-09-03
319,Vintage Sheet Music,12.46,,,3.4,,ProGear,Music,In Stock,SKU-MUS-0319,https://scrapingsandbox.com/product/319,Scraping Sandbox,2026-09-03
320,Wireless Stapler,43.41,,,3.6,,MindBooks,Office Supplies,In Stock,SKU-OFF-0320,https://scrapingsandbox.com/product/320,Scraping Sandbox,2026-09-03
321,Wireless Food Bowl,131.25,,,4.1,,UrbanThread,Pet Supplies,In Stock,SKU-PET-0321,https://scrapingsandbox.com/product/321,Scraping Sandbox,2026-09-03
322,Handcrafted Carving Tools,147.17,,,4.9,,HomeNest,Art,In Stock,SKU-ART-0322,https://scrapingsandbox.com/product/322,Scraping Sandbox,2026-09-03
323,Classic Probiotics,25.28,,,3.9,,SoundWave,Health,In Stock,SKU-HEA-0323,https://scrapingsandbox.com/product/323,Scraping Sandbox,2026-09-03
324,Eco-Friendly Dumbbell Set,87.11,,,3.7,,SparkleBox,Sports,In Stock,SKU-SPO-0324,https://scrapingsandbox.com/product/324,Scraping Sandbox,2026-09-03
325,Portable Aquarium Plant,81.27,,,4.3,,HomeNest,Pet Supplies,In Stock,SKU-PET-0325,https://scrapingsandbox.com/product/325,Scraping Sandbox,2026-09-03
326,Vintage Table Runner,61.12,,,3.2,,ProGear,Home & Garden,Out of Stock,SKU-HOM-0326,https://scrapingsandbox.com/product/326,Scraping Sandbox,2026-09-03
327,Portable Pop Filter,123.12,,,4.1,,SoundWave,Music,In Stock,SKU-MUS-0327,https://scrapingsandbox.com/product/327,Scraping Sandbox,2026-09-03
328,Lightweight Children's Book,121.56,,,3.3,,VitalLife,Books,Out of Stock,SKU-BOO-0328,https://scrapingsandbox.com/product/328,Scraping Sandbox,2026-09-03
329,Heavy-Duty Gaming Mouse,149.4,,,4.8,,AutoParts Pro,Electronics,Out of Stock,SKU-ELE-0329,https://scrapingsandbox.com/product/329,Scraping Sandbox,2026-09-03
330,Ultra Synthesizer Patch,155.11,,,4.5,,AutoParts Pro,Music,In Stock,SKU-MUS-0330,https://scrapingsandbox.com/product/330,Scraping Sandbox,2026-09-03
331,Classic Tape Dispenser,176.51,,,3.2,,TasteBud,Office Supplies,In Stock,SKU-OFF-0331,https://scrapingsandbox.com/product/331,Scraping Sandbox,2026-09-03
332,Lightweight Coaster Set,193.52,,,4.2,,TechVault,Home & Garden,Out of Stock,SKU-HOM-0332,https://scrapingsandbox.com/product/332,Scraping Sandbox,2026-09-03
333,Heavy-Duty Trunk Organizer,51.77,,,4.0,,CozyCorner,Automotive,In Stock,SKU-AUT-0333,https://scrapingsandbox.com/product/333,Scraping Sandbox,2026-09-03
334,Essential Desk Organizer,185.73,,,4.7,,PlayZone,Office Supplies,In Stock,SKU-OFF-0334,https://scrapingsandbox.com/product/334,Scraping Sandbox,2026-09-03
335,Ultra Spark Plug,110.93,,,4.7,,PlayZone,Automotive,In Stock,SKU-AUT-0335,https://scrapingsandbox.com/product/335,Scraping Sandbox,2026-09-03
336,Classic Pendant,158.89,,,4.9,,AutoParts Pro,Jewelry,In Stock,SKU-JEW-0336,https://scrapingsandbox.com/product/336,Scraping Sandbox,2026-09-03
337,Vintage Tiara,116.86,,,4.7,,GlowUp,Jewelry,In Stock,SKU-JEW-0337,https://scrapingsandbox.com/product/337,Scraping Sandbox,2026-09-03
338,Modern Perfume,202.59,,,3.9,,GlowUp,Beauty,In Stock,SKU-BEA-0338,https://scrapingsandbox.com/product/338,Scraping Sandbox,2026-09-03
339,Professional Color Wheel,13.45,,,4.0,,SoundWave,Art,In Stock,SKU-ART-0339,https://scrapingsandbox.com/product/339,Scraping Sandbox,2026-09-03
340,Ultra Wall Art,93.41,,,3.8,,AutoParts Pro,Home & Garden,In Stock,SKU-HOM-0340,https://scrapingsandbox.com/product/340,Scraping Sandbox,2026-09-03
341,Smart Dumbbell Set,147.22,,,4.1,,StyleCraft,Sports,In Stock,SKU-SPO-0341,https://scrapingsandbox.com/product/341,Scraping Sandbox,2026-09-03
342,Pro Charger,45.06,,,3.7,,PawPal,Electronics,Out of Stock,SKU-ELE-0342,https://scrapingsandbox.com/product/342,Scraping Sandbox,2026-09-03
343,Portable Business Book,192.55,,,3.1,,FitPro,Books,In Stock,SKU-BOO-0343,https://scrapingsandbox.com/product/343,Scraping Sandbox,2026-09-03
344,Professional Popcorn Pack,122.84,,,3.1,,PageTurner,Food & Beverage,In Stock,SKU-FOO-0344,https://scrapingsandbox.com/product/344,Scraping Sandbox,2026-09-03
345,Deluxe Phone Case,110.14,,,3.0,,PlayZone,Electronics,In Stock,SKU-ELE-0345,https://scrapingsandbox.com/product/345,Scraping Sandbox,2026-09-03
346,Vintage Yoga Mat,27.71,,,3.6,,MindBooks,Sports,In Stock,SKU-SPO-0346,https://scrapingsandbox.com/product/346,Scraping Sandbox,2026-09-03
347,Pro Toner,147.87,,,3.6,,PlayZone,Beauty,Out of Stock,SKU-BEA-0347,https://scrapingsandbox.com/product/347,Scraping Sandbox,2026-09-03
348,Handcrafted Popcorn Pack,123.43,,,3.8,,HomeNest,Food & Beverage,In Stock,SKU-FOO-0348,https://scrapingsandbox.com/product/348,Scraping Sandbox,2026-09-03
349,Vintage Massage Gun,184.15,,,3.0,,SparkleBox,Health,In Stock,SKU-HEA-0349,https://scrapingsandbox.com/product/349,Scraping Sandbox,2026-09-03
350,Portable Hoop Earrings,47.61,,,3.6,,ProGear,Jewelry,In Stock,SKU-JEW-0350,https://scrapingsandbox.com/product/350,Scraping Sandbox,2026-09-03
351,Wireless Floor Mat,88.69,,,4.7,,SoundWave,Automotive,In Stock,SKU-AUT-0351,https://scrapingsandbox.com/product/351,Scraping Sandbox,2026-09-03
352,Limited Edition Wireless Earbuds,20.59,,,4.4,,SoundWave,Electronics,In Stock,SKU-ELE-0352,https://scrapingsandbox.com/product/352,Scraping Sandbox,2026-09-03
353,Limited Edition Charger,17.03,,,3.4,,VitalLife,Electronics,In Stock,SKU-ELE-0353,https://scrapingsandbox.com/product/353,Scraping Sandbox,2026-09-03
354,Eco-Friendly Kite,118.29,,,4.8,,StyleCraft,Toys,In Stock,SKU-TOY-0354,https://scrapingsandbox.com/product/354,Scraping Sandbox,2026-09-03
355,Ultra Bubble Machine,149.1,,,4.7,,ArtisanHub,Toys,In Stock,SKU-TOY-0355,https://scrapingsandbox.com/product/355,Scraping Sandbox,2026-09-03
356,Smart Bookend,151.96,,,3.2,,ProGear,Home & Garden,In Stock,SKU-HOM-0356,https://scrapingsandbox.com/product/356,Scraping Sandbox,2026-09-03
357,Lightweight Sneakers,200.94,,,4.0,,DeskMate,Clothing,In Stock,SKU-CLO-0357,https://scrapingsandbox.com/product/357,Scraping Sandbox,2026-09-03
358,Classic Coconut Water,151.61,,,4.3,,DeskMate,Food & Beverage,Out of Stock,SKU-FOO-0358,https://scrapingsandbox.com/product/358,Scraping Sandbox,2026-09-03
359,Compact Gaming Mouse,146.92,,,4.4,,PageTurner,Electronics,In Stock,SKU-ELE-0359,https://scrapingsandbox.com/product/359,Scraping Sandbox,2026-09-03
360,Pro Calculator,174.36,,,3.4,,SoundWave,Office Supplies,In Stock,SKU-OFF-0360,https://scrapingsandbox.com/product/360,Scraping Sandbox,2026-09-03
361,Premium Color Wheel,196.92,,,3.9,,ArtisanHub,Art,In Stock,SKU-ART-0361,https://scrapingsandbox.com/product/361,Scraping Sandbox,2026-09-03
362,Lightweight Scale,184.17,,,3.7,,AutoParts Pro,Health,In Stock,SKU-HEA-0362,https://scrapingsandbox.com/product/362,Scraping Sandbox,2026-09-03
363,Compact Windbreaker,100.19,,,4.6,,PlayZone,Clothing,In Stock,SKU-CLO-0363,https://scrapingsandbox.com/product/363,Scraping Sandbox,2026-09-03
364,Essential Moisturizer,144.11,,,3.6,,SparkleBox,Beauty,In Stock,SKU-BEA-0364,https://scrapingsandbox.com/product/364,Scraping Sandbox,2026-09-03
365,Modern Marker Pack,18.68,,,4.3,,MindBooks,Art,In Stock,SKU-ART-0365,https://scrapingsandbox.com/product/365,Scraping Sandbox,2026-09-03
366,Ultra Label Maker,108.75,,,4.6,,PageTurner,Office Supplies,In Stock,SKU-OFF-0366,https://scrapingsandbox.com/product/366,Scraping Sandbox,2026-09-03
367,Compact Ring Light,9.67,,,4.0,,PlayZone,Electronics,In Stock,SKU-ELE-0367,https://scrapingsandbox.com/product/367,Scraping Sandbox,2026-09-03
368,Pro Matcha Powder,61.14,,,4.4,,GlowUp,Food & Beverage,In Stock,SKU-FOO-0368,https://scrapingsandbox.com/product/368,Scraping Sandbox,2026-09-03
369,Lightweight Fantasy Epic,83.62,,,3.8,,VitalLife,Books,In Stock,SKU-BOO-0369,https://scrapingsandbox.com/product/369,Scraping Sandbox,2026-09-03
370,Heavy-Duty Locket,127.92,,,4.2,,TechVault,Jewelry,In Stock,SKU-JEW-0370,https://scrapingsandbox.com/product/370,Scraping Sandbox,2026-09-03
371,Professional Probiotics,32.47,,,4.7,,FitPro,Health,In Stock,SKU-HEA-0371,https://scrapingsandbox.com/product/371,Scraping Sandbox,2026-09-03
372,Compact Bracelet,10.53,,,3.4,,ArtisanHub,Jewelry,In Stock,SKU-JEW-0372,https://scrapingsandbox.com/product/372,Scraping Sandbox,2026-09-03
373,Premium Car Charger,65.48,,,3.2,,VitalLife,Automotive,Out of Stock,SKU-AUT-0373,https://scrapingsandbox.com/product/373,Scraping Sandbox,2026-09-03
374,Classic Wireless Earbuds,120.91,,,3.1,,SoundWave,Electronics,In Stock,SKU-ELE-0374,https://scrapingsandbox.com/product/374,Scraping Sandbox,2026-09-03
375,Heavy-Duty Desk Organizer,190.99,,,3.0,,GlowUp,Office Supplies,In Stock,SKU-OFF-0375,https://scrapingsandbox.com/product/375,Scraping Sandbox,2026-09-03
376,Handcrafted Vinyl Record,163.48,,,5.0,,CozyCorner,Music,In Stock,SKU-MUS-0376,https://scrapingsandbox.com/product/376,Scraping Sandbox,2026-09-03
377,Heavy-Duty Microphone,7.77,,,3.1,,FitPro,Music,Out of Stock,SKU-MUS-0377,https://scrapingsandbox.com/product/377,Scraping Sandbox,2026-09-03
378,Heavy-Duty Trail Mix,105.04,,,3.0,,SoundWave,Food & Beverage,In Stock,SKU-FOO-0378,https://scrapingsandbox.com/product/378,Scraping Sandbox,2026-09-03
379,Compact Trail Mix,203.99,,,4.9,,AutoParts Pro,Food & Beverage,In Stock,SKU-FOO-0379,https://scrapingsandbox.com/product/379,Scraping Sandbox,2026-09-03
380,Advanced Locket,126.47,,,4.2,,PawPal,Jewelry,In Stock,SKU-JEW-0380,https://scrapingsandbox.com/product/380,Scraping Sandbox,2026-09-03
381,Eco-Friendly Pet Shampoo,16.99,,,4.6,,DeskMate,Pet Supplies,In Stock,SKU-PET-0381,https://scrapingsandbox.com/product/381,Scraping Sandbox,2026-09-03
382,Essential Scarf,68.02,,,3.8,,TasteBud,Clothing,In Stock,SKU-CLO-0382,https://scrapingsandbox.com/product/382,Scraping Sandbox,2026-09-03
383,Smart Drum Sticks,88.35,,,5.0,,ArtisanHub,Music,In Stock,SKU-MUS-0383,https://scrapingsandbox.com/product/383,Scraping Sandbox,2026-09-03
384,Lightweight Doormat,96.6,,,4.3,,GlowUp,Home & Garden,In Stock,SKU-HOM-0384,https://scrapingsandbox.com/product/384,Scraping Sandbox,2026-09-03
385,Vintage Slime Kit,170.43,,,3.7,,UrbanThread,Toys,In Stock,SKU-TOY-0385,https://scrapingsandbox.com/product/385,Scraping Sandbox,2026-09-03
386,Modern SSD Drive,90.96,,,3.3,,MindBooks,Electronics,Out of Stock,SKU-ELE-0386,https://scrapingsandbox.com/product/386,Scraping Sandbox,2026-09-03
387,Modern Gym Bag,182.1,,,3.8,,VitalLife,Sports,Out of Stock,SKU-SPO-0387,https://scrapingsandbox.com/product/387,Scraping Sandbox,2026-09-03
388,Advanced Dog Food,146.34,,,3.9,,ProGear,Pet Supplies,In Stock,SKU-PET-0388,https://scrapingsandbox.com/product/388,Scraping Sandbox,2026-09-03
389,Compact Sci-Fi Novel,81.95,,,4.5,,TechVault,Books,Out of Stock,SKU-BOO-0389,https://scrapingsandbox.com/product/389,Scraping Sandbox,2026-09-03
390,Limited Edition Grooming Brush,187.72,,,4.7,,TasteBud,Pet Supplies,Out of Stock,SKU-PET-0390,https://scrapingsandbox.com/product/390,Scraping Sandbox,2026-09-03
391,Premium Pastel Set,176.68,,,4.8,,TechVault,Art,In Stock,SKU-ART-0391,https://scrapingsandbox.com/product/391,Scraping Sandbox,2026-09-03
392,Handcrafted Gaming Mouse,191.69,,,4.3,,TechVault,Electronics,In Stock,SKU-ELE-0392,https://scrapingsandbox.com/product/392,Scraping Sandbox,2026-09-03
393,Heavy-Duty Collagen Powder,126.07,,,4.2,,FitPro,Health,In Stock,SKU-HEA-0393,https://scrapingsandbox.com/product/393,Scraping Sandbox,2026-09-03
394,Deluxe Catnip,95.29,,,3.9,,PageTurner,Pet Supplies,In Stock,SKU-PET-0394,https://scrapingsandbox.com/product/394,Scraping Sandbox,2026-09-03
395,Advanced Zinc Tablets,57.79,,,3.0,,PageTurner,Health,In Stock,SKU-HEA-0395,https://scrapingsandbox.com/product/395,Scraping Sandbox,2026-09-03
396,Professional Popcorn Pack,52.95,,,4.1,,ArtisanHub,Food & Beverage,In Stock,SKU-FOO-0396,https://scrapingsandbox.com/product/396,Scraping Sandbox,2026-09-03
397,Pro Denim Jacket,148.24,,,4.7,,ArtisanHub,Clothing,In Stock,SKU-CLO-0397,https://scrapingsandbox.com/product/397,Scraping Sandbox,2026-09-03
398,Lightweight Beanie,98.1,,,3.4,,PlayZone,Clothing,In Stock,SKU-CLO-0398,https://scrapingsandbox.com/product/398,Scraping Sandbox,2026-09-03
399,Handcrafted Notebook,164.89,,,3.9,,DeskMate,Office Supplies,In Stock,SKU-OFF-0399,https://scrapingsandbox.com/product/399,Scraping Sandbox,2026-09-03
400,Limited Edition Bluetooth Speaker,20.98,,,3.5,,ArtisanHub,Electronics,In Stock,SKU-ELE-0400,https://scrapingsandbox.com/product/400,Scraping Sandbox,2026-09-03
401,Professional Flannel Shirt,171.02,,,4.7,,NovaTech,Clothing,In Stock,SKU-CLO-0401,https://scrapingsandbox.com/product/401,Scraping Sandbox,2026-09-03
402,Vintage Marble Run,21.51,,,4.1,,ArtisanHub,Toys,In Stock,SKU-TOY-0402,https://scrapingsandbox.com/product/402,Scraping Sandbox,2026-09-03
403,Pro Self-Help Guide,43.95,,,4.0,,NovaTech,Books,Out of Stock,SKU-BOO-0403,https://scrapingsandbox.com/product/403,Scraping Sandbox,2026-09-03
404,Limited Edition Calculator,47.37,,,5.0,,SparkleBox,Office Supplies,Out of Stock,SKU-OFF-0404,https://scrapingsandbox.com/product/404,Scraping Sandbox,2026-09-03
405,Compact Popcorn Pack,168.65,,,3.2,,SparkleBox,Food & Beverage,In Stock,SKU-FOO-0405,https://scrapingsandbox.com/product/405,Scraping Sandbox,2026-09-03
406,Handcrafted Conditioner,76.63,,,4.8,,AutoParts Pro,Beauty,In Stock,SKU-BEA-0406,https://scrapingsandbox.com/product/406,Scraping Sandbox,2026-09-03
407,Ultra Cat Tree,15.1,,,3.0,,VitalLife,Pet Supplies,In Stock,SKU-PET-0407,https://scrapingsandbox.com/product/407,Scraping Sandbox,2026-09-03
408,Organic Hot Sauce,139.44,,,4.8,,TasteBud,Food & Beverage,In Stock,SKU-FOO-0408,https://scrapingsandbox.com/product/408,Scraping Sandbox,2026-09-03
409,Compact Litter Box,101.33,,,3.5,,DeskMate,Pet Supplies,In Stock,SKU-PET-0409,https://scrapingsandbox.com/product/409,Scraping Sandbox,2026-09-03
410,Wireless Sweatband,16.35,,,3.4,,PlayZone,Sports,In Stock,SKU-SPO-0410,https://scrapingsandbox.com/product/410,Scraping Sandbox,2026-09-03
411,Lightweight Sketchbook,116.88,,,4.7,,NovaTech,Art,In Stock,SKU-ART-0411,https://scrapingsandbox.com/product/411,Scraping Sandbox,2026-09-03
412,Portable Art Portfolio,181.73,,,4.5,,TasteBud,Art,In Stock,SKU-ART-0412,https://scrapingsandbox.com/product/412,Scraping Sandbox,2026-09-03
413,Smart Hot Sauce,203.21,,,4.1,,NovaTech,Food & Beverage,In Stock,SKU-FOO-0413,https://scrapingsandbox.com/product/413,Scraping Sandbox,2026-09-03
414,Limited Edition Dash Cam,124.89,,,4.6,,TasteBud,Automotive,Out of Stock,SKU-AUT-0414,https://scrapingsandbox.com/product/414,Scraping Sandbox,2026-09-03
415,Portable Exfoliator,112.25,,,4.8,,ProGear,Beauty,In Stock,SKU-BEA-0415,https://scrapingsandbox.com/product/415,Scraping Sandbox,2026-09-03
416,Vintage Scale,152.49,,,3.5,,AutoParts Pro,Health,In Stock,SKU-HEA-0416,https://scrapingsandbox.com/product/416,Scraping Sandbox,2026-09-03
417,Lightweight Webcam,171.45,,,4.6,,DeskMate,Electronics,In Stock,SKU-ELE-0417,https://scrapingsandbox.com/product/417,Scraping Sandbox,2026-09-03
418,Vintage Towel Set,121.47,,,3.6,,ArtisanHub,Home & Garden,In Stock,SKU-HOM-0418,https://scrapingsandbox.com/product/418,Scraping Sandbox,2026-09-03
419,Ultra Pet Carrier,25.22,,,3.5,,PawPal,Pet Supplies,In Stock,SKU-PET-0419,https://scrapingsandbox.com/product/419,Scraping Sandbox,2026-09-03
420,Heavy-Duty Dumbbell Set,78.71,,,4.8,,ArtisanHub,Sports,In Stock,SKU-SPO-0420,https://scrapingsandbox.com/product/420,Scraping Sandbox,2026-09-03
421,Modern Synthesizer Patch,43.21,,,3.9,,PageTurner,Music,Out of Stock,SKU-MUS-0421,https://scrapingsandbox.com/product/421,Scraping Sandbox,2026-09-03
422,Pro Music Stand,156.18,,,3.4,,PawPal,Music,In Stock,SKU-MUS-0422,https://scrapingsandbox.com/product/422,Scraping Sandbox,2026-09-03
423,Portable Floor Mat,130.9,,,3.2,,PageTurner,Automotive,In Stock,SKU-AUT-0423,https://scrapingsandbox.com/product/423,Scraping Sandbox,2026-09-03
424,Modern Car Charger,59.51,,,3.2,,TechVault,Automotive,In Stock,SKU-AUT-0424,https://scrapingsandbox.com/product/424,Scraping Sandbox,2026-09-03
425,Limited Edition Cat Tree,15.0,,,4.4,,VitalLife,Pet Supplies,In Stock,SKU-PET-0425,https://scrapingsandbox.com/product/425,Scraping Sandbox,2026-09-03
426,Advanced Pasta Set,182.57,,,3.5,,NovaTech,Food & Beverage,Out of Stock,SKU-FOO-0426,https://scrapingsandbox.com/product/426,Scraping Sandbox,2026-09-03
427,Vintage Tennis Balls,195.69,,,3.3,,StyleCraft,Sports,In Stock,SKU-SPO-0427,https://scrapingsandbox.com/product/427,Scraping Sandbox,2026-09-03
428,Vintage Brush Kit,79.2,,,3.8,,ArtisanHub,Art,Out of Stock,SKU-ART-0428,https://scrapingsandbox.com/product/428,Scraping Sandbox,2026-09-03
429,Handcrafted Skipping Rope,170.8,,,4.6,,PawPal,Sports,In Stock,SKU-SPO-0429,https://scrapingsandbox.com/product/429,Scraping Sandbox,2026-09-03
430,Eco-Friendly Tennis Balls,49.39,,,3.5,,GlowUp,Sports,In Stock,SKU-SPO-0430,https://scrapingsandbox.com/product/430,Scraping Sandbox,2026-09-03
431,Classic LED Desk Lamp,104.95,,,4.7,,MindBooks,Electronics,In Stock,SKU-ELE-0431,https://scrapingsandbox.com/product/431,Scraping Sandbox,2026-09-03
432,Professional Paint Set,146.73,,,3.6,,NovaTech,Art,In Stock,SKU-ART-0432,https://scrapingsandbox.com/product/432,Scraping Sandbox,2026-09-03
433,Lightweight Chain,8.63,,,3.3,,PageTurner,Jewelry,Out of Stock,SKU-JEW-0433,https://scrapingsandbox.com/product/433,Scraping Sandbox,2026-09-03
434,Organic Face Serum,104.4,,,4.6,,SoundWave,Beauty,In Stock,SKU-BEA-0434,https://scrapingsandbox.com/product/434,Scraping Sandbox,2026-09-03
435,Limited Edition Label Maker,91.83,,,3.1,,PlayZone,Office Supplies,In Stock,SKU-OFF-0435,https://scrapingsandbox.com/product/435,Scraping Sandbox,2026-09-03
436,Heavy-Duty Coaster Set,148.85,,,4.5,,PlayZone,Home & Garden,In Stock,SKU-HOM-0436,https://scrapingsandbox.com/product/436,Scraping Sandbox,2026-09-03
437,Smart Pen Set,114.75,,,3.6,,CozyCorner,Office Supplies,In Stock,SKU-OFF-0437,https://scrapingsandbox.com/product/437,Scraping Sandbox,2026-09-03
438,Portable Hoodie,189.43,,,4.2,,UrbanThread,Clothing,In Stock,SKU-CLO-0438,https://scrapingsandbox.com/product/438,Scraping Sandbox,2026-09-03
439,Portable Coloring Book,92.44,,,4.7,,PlayZone,Books,Out of Stock,SKU-BOO-0439,https://scrapingsandbox.com/product/439,Scraping Sandbox,2026-09-03
440,Lightweight Sunglasses,13.69,,,4.8,,TasteBud,Clothing,In Stock,SKU-CLO-0440,https://scrapingsandbox.com/product/440,Scraping Sandbox,2026-09-03
441,Compact Hair Pin,24.18,,,3.4,,TasteBud,Jewelry,In Stock,SKU-JEW-0441,https://scrapingsandbox.com/product/441,Scraping Sandbox,2026-09-03
442,Eco-Friendly SSD Drive,37.34,,,3.2,,ProGear,Electronics,Out of Stock,SKU-ELE-0442,https://scrapingsandbox.com/product/442,Scraping Sandbox,2026-09-03
443,Professional Whiteboard,38.11,,,4.8,,SoundWave,Office Supplies,In Stock,SKU-OFF-0443,https://scrapingsandbox.com/product/443,Scraping Sandbox,2026-09-03
444,Classic Skipping Rope,80.22,,,3.3,,TasteBud,Sports,In Stock,SKU-SPO-0444,https://scrapingsandbox.com/product/444,Scraping Sandbox,2026-09-03
445,Pro Dollhouse,12.0,,,4.0,,SoundWave,Toys,In Stock,SKU-TOY-0445,https://scrapingsandbox.com/product/445,Scraping Sandbox,2026-09-03
446,Limited Edition Pendant,98.13,,,4.4,,CozyCorner,Jewelry,In Stock,SKU-JEW-0446,https://scrapingsandbox.com/product/446,Scraping Sandbox,2026-09-03
447,Advanced Correction Tape,39.66,,,4.0,,VitalLife,Office Supplies,In Stock,SKU-OFF-0447,https://scrapingsandbox.com/product/447,Scraping Sandbox,2026-09-03
448,Advanced Screen Protector,186.81,,,4.3,,PawPal,Electronics,In Stock,SKU-ELE-0448,https://scrapingsandbox.com/product/448,Scraping Sandbox,2026-09-03
449,Compact Spark Plug,108.04,,,4.5,,StyleCraft,Automotive,Out of Stock,SKU-AUT-0449,https://scrapingsandbox.com/product/449,Scraping Sandbox,2026-09-03
450,Limited Edition Floor Mat,127.16,,,3.2,,CozyCorner,Automotive,In Stock,SKU-AUT-0450,https://scrapingsandbox.com/product/450,Scraping Sandbox,2026-09-03
451,Pro Hoodie,72.15,,,4.9,,UrbanThread,Clothing,In Stock,SKU-CLO-0451,https://scrapingsandbox.com/product/451,Scraping Sandbox,2026-09-03
452,Portable Ab Wheel,65.37,,,4.7,,UrbanThread,Sports,Out of Stock,SKU-SPO-0452,https://scrapingsandbox.com/product/452,Scraping Sandbox,2026-09-03
453,Pro Ice Scraper,76.87,,,4.7,,StyleCraft,Automotive,In Stock,SKU-AUT-0453,https://scrapingsandbox.com/product/453,Scraping Sandbox,2026-09-03
454,Handcrafted SSD Drive,142.86,,,3.6,,VitalLife,Electronics,In Stock,SKU-ELE-0454,https://scrapingsandbox.com/product/454,Scraping Sandbox,2026-09-03
455,Classic Tea Collection,130.9,,,3.1,,HomeNest,Food & Beverage,In Stock,SKU-FOO-0455,https://scrapingsandbox.com/product/455,Scraping Sandbox,2026-09-03
456,Essential Floor Mat,129.18,,,3.3,,TasteBud,Automotive,In Stock,SKU-AUT-0456,https://scrapingsandbox.com/product/456,Scraping Sandbox,2026-09-03
457,Compact Board Game,102.16,,,4.6,,PageTurner,Toys,In Stock,SKU-TOY-0457,https://scrapingsandbox.com/product/457,Scraping Sandbox,2026-09-03
458,Premium Guitar Strings,166.64,,,4.8,,DeskMate,Music,In Stock,SKU-MUS-0458,https://scrapingsandbox.com/product/458,Scraping Sandbox,2026-09-03
459,Compact Olive Oil,188.11,,,4.8,,ProGear,Food & Beverage,In Stock,SKU-FOO-0459,https://scrapingsandbox.com/product/459,Scraping Sandbox,2026-09-03
460,Handcrafted Paint Set,30.3,,,4.4,,PageTurner,Art,In Stock,SKU-ART-0460,https://scrapingsandbox.com/product/460,Scraping Sandbox,2026-09-03
461,Vintage Cufflinks,175.08,,,4.3,,HomeNest,Jewelry,In Stock,SKU-JEW-0461,https://scrapingsandbox.com/product/461,Scraping Sandbox,2026-09-03
462,Ultra Clock,150.28,,,3.7,,TechVault,Home & Garden,In Stock,SKU-HOM-0462,https://scrapingsandbox.com/product/462,Scraping Sandbox,2026-09-03
463,Vintage Coconut Water,185.58,,,4.7,,PageTurner,Food & Beverage,In Stock,SKU-FOO-0463,https://scrapingsandbox.com/product/463,Scraping Sandbox,2026-09-03
464,Smart Pop Filter,136.32,,,4.4,,VitalLife,Music,Out of Stock,SKU-MUS-0464,https://scrapingsandbox.com/product/464,Scraping Sandbox,2026-09-03
465,Portable Calligraphy Set,49.68,,,3.8,,TasteBud,Art,In Stock,SKU-ART-0465,https://scrapingsandbox.com/product/465,Scraping Sandbox,2026-09-03
466,Essential Stencil Set,72.64,,,4.4,,FitPro,Art,Out of Stock,SKU-ART-0466,https://scrapingsandbox.com/product/466,Scraping Sandbox,2026-09-03
467,Ultra Locket,132.16,,,3.5,,VitalLife,Jewelry,In Stock,SKU-JEW-0467,https://scrapingsandbox.com/product/467,Scraping Sandbox,2026-09-03
468,Premium Stencil Set,15.32,,,4.2,,StyleCraft,Art,Out of Stock,SKU-ART-0468,https://scrapingsandbox.com/product/468,Scraping Sandbox,2026-09-03
469,Eco-Friendly Charm,34.87,,,4.4,,ArtisanHub,Jewelry,In Stock,SKU-JEW-0469,https://scrapingsandbox.com/product/469,Scraping Sandbox,2026-09-03
470,Lightweight Laptop Sleeve,72.93,,,3.7,,PageTurner,Electronics,In Stock,SKU-ELE-0470,https://scrapingsandbox.com/product/470,Scraping Sandbox,2026-09-03
471,Compact Ice Scraper,29.03,,,4.8,,TechVault,Automotive,Out of Stock,SKU-AUT-0471,https://scrapingsandbox.com/product/471,Scraping Sandbox,2026-09-03
472,Eco-Friendly Picture Frame,59.95,,,3.4,,TasteBud,Home & Garden,Out of Stock,SKU-HOM-0472,https://scrapingsandbox.com/product/472,Scraping Sandbox,2026-09-03
473,Lightweight Massage Gun,152.52,,,3.2,,SoundWave,Health,In Stock,SKU-HEA-0473,https://scrapingsandbox.com/product/473,Scraping Sandbox,2026-09-03
474,Handcrafted Zinc Tablets,155.69,,,4.5,,TechVault,Health,In Stock,SKU-HEA-0474,https://scrapingsandbox.com/product/474,Scraping Sandbox,2026-09-03
475,Eco-Friendly Fixative Spray,199.19,,,3.7,,AutoParts Pro,Art,In Stock,SKU-ART-0475,https://scrapingsandbox.com/product/475,Scraping Sandbox,2026-09-03
476,Wireless Science Kit,18.39,,,4.3,,AutoParts Pro,Toys,In Stock,SKU-TOY-0476,https://scrapingsandbox.com/product/476,Scraping Sandbox,2026-09-03
477,Organic Polo Shirt,30.02,,,3.7,,PageTurner,Clothing,In Stock,SKU-CLO-0477,https://scrapingsandbox.com/product/477,Scraping Sandbox,2026-09-03
478,Compact Gym Bag,13.39,,,3.4,,AutoParts Pro,Sports,In Stock,SKU-SPO-0478,https://scrapingsandbox.com/product/478,Scraping Sandbox,2026-09-03
479,Portable Throw Pillow,65.29,,,3.4,,CozyCorner,Home & Garden,In Stock,SKU-HOM-0479,https://scrapingsandbox.com/product/479,Scraping Sandbox,2026-09-03
480,Pro Highlighters,151.15,,,4.3,,HomeNest,Office Supplies,In Stock,SKU-OFF-0480,https://scrapingsandbox.com/product/480,Scraping Sandbox,2026-09-03
481,Premium Action Figure,116.38,,,4.5,,SoundWave,Toys,In Stock,SKU-TOY-0481,https://scrapingsandbox.com/product/481,Scraping Sandbox,2026-09-03
482,Pro Exfoliator,155.35,,,3.9,,CozyCorner,Beauty,In Stock,SKU-BEA-0482,https://scrapingsandbox.com/product/482,Scraping Sandbox,2026-09-03
483,Lightweight Throw Pillow,170.73,,,4.6,,AutoParts Pro,Home & Garden,Out of Stock,SKU-HOM-0483,https://scrapingsandbox.com/product/483,Scraping Sandbox,2026-09-03
484,Organic Ab Wheel,35.29,,,3.8,,NovaTech,Sports,In Stock,SKU-SPO-0484,https://scrapingsandbox.com/product/484,Scraping Sandbox,2026-09-03
485,Professional Synthesizer Patch,73.54,,,3.4,,NovaTech,Music,In Stock,SKU-MUS-0485,https://scrapingsandbox.com/product/485,Scraping Sandbox,2026-09-03
486,Smart Monitor Stand,80.41,,,3.4,,MindBooks,Electronics,In Stock,SKU-ELE-0486,https://scrapingsandbox.com/product/486,Scraping Sandbox,2026-09-03
487,Classic USB-C Hub,69.3,,,4.0,,GlowUp,Electronics,In Stock,SKU-ELE-0487,https://scrapingsandbox.com/product/487,Scraping Sandbox,2026-09-03
488,Heavy-Duty Beanie,121.62,,,3.2,,NovaTech,Clothing,In Stock,SKU-CLO-0488,https://scrapingsandbox.com/product/488,Scraping Sandbox,2026-09-03
489,Portable Essential Oil,13.89,,,4.6,,SoundWave,Health,In Stock,SKU-HEA-0489,https://scrapingsandbox.com/product/489,Scraping Sandbox,2026-09-03
490,Ultra Beanie,52.43,,,3.5,,CozyCorner,Clothing,In Stock,SKU-CLO-0490,https://scrapingsandbox.com/product/490,Scraping Sandbox,2026-09-03
491,Premium Fitness Tracker,122.51,,,3.9,,DeskMate,Sports,Out of Stock,SKU-SPO-0491,https://scrapingsandbox.com/product/491,Scraping Sandbox,2026-09-03
492,Smart Tea Collection,113.75,,,3.7,,PawPal,Food & Beverage,Out of Stock,SKU-FOO-0492,https://scrapingsandbox.com/product/492,Scraping Sandbox,2026-09-03
493,Pro Pendant,178.56,,,4.3,,PlayZone,Jewelry,In Stock,SKU-JEW-0493,https://scrapingsandbox.com/product/493,Scraping Sandbox,2026-09-03
494,Essential Hair Oil,188.87,,,3.2,,ArtisanHub,Beauty,Out of Stock,SKU-BEA-0494,https://scrapingsandbox.com/product/494,Scraping Sandbox,2026-09-03
495,Wireless Granola,13.31,,,4.9,,UrbanThread,Food & Beverage,Out of Stock,SKU-FOO-0495,https://scrapingsandbox.com/product/495,Scraping Sandbox,2026-09-03
496,Advanced Mystery Novel,9.72,,,3.1,,CozyCorner,Books,In Stock,SKU-BOO-0496,https://scrapingsandbox.com/product/496,Scraping Sandbox,2026-09-03
497,Vintage Cat Toy,99.7,,,4.8,,HomeNest,Pet Supplies,In Stock,SKU-PET-0497,https://scrapingsandbox.com/product/497,Scraping Sandbox,2026-09-03
498,Compact Clock,67.89,,,4.9,,HomeNest,Home & Garden,In Stock,SKU-HOM-0498,https://scrapingsandbox.com/product/498,Scraping Sandbox,2026-09-03
499,Heavy-Duty Gym Bag,63.7,,,4.8,,TechVault,Sports,In Stock,SKU-SPO-0499,https://scrapingsandbox.com/product/499,Scraping Sandbox,2026-09-03
500,Classic Grooming Brush,59.07,,,4.6,,MindBooks,Pet Supplies,In Stock,SKU-PET-0500,https://scrapingsandbox.com/product/500,Scraping Sandbox,2026-09-03
