Product_Name,Product_Price,Product_Rating,Product_URL,Website_Name,Date_Scraped
Abominable Hoodie,69.0,,https://www.scrapingcourse.com/ecommerce/product/abominable-hoodie/,ScrapingCourse,2026-09-04
Adrienne Trek Jacket,57.0,,https://www.scrapingcourse.com/ecommerce/product/adrienne-trek-jacket/,ScrapingCourse,2026-09-04
Aeon Capri,48.0,,https://www.scrapingcourse.com/ecommerce/product/aeon-capri/,ScrapingCourse,2026-09-04
Aero Daily Fitness Tee,24.0,,https://www.scrapingcourse.com/ecommerce/product/aero-daily-fitness-tee/,ScrapingCourse,2026-09-04
Aether Gym Pant,74.0,,https://www.scrapingcourse.com/ecommerce/product/aether-gym-pant/,ScrapingCourse,2026-09-04
Affirm Water Bottle,7.0,,https://www.scrapingcourse.com/ecommerce/product/affirm-water-bottle/,ScrapingCourse,2026-09-04
Aim Analog Watch,45.0,,https://www.scrapingcourse.com/ecommerce/product/aim-analog-watch/,ScrapingCourse,2026-09-04
Ajax Full-Zip Sweatshirt,69.0,,https://www.scrapingcourse.com/ecommerce/product/ajax-full-zip-sweatshirt/,ScrapingCourse,2026-09-04
Ana Running Short,40.0,,https://www.scrapingcourse.com/ecommerce/product/ana-running-short/,ScrapingCourse,2026-09-04
Angel Light Running Short,42.0,,https://www.scrapingcourse.com/ecommerce/product/angel-light-running-short/,ScrapingCourse,2026-09-04
Antonia Racer Tank,34.0,,https://www.scrapingcourse.com/ecommerce/product/antonia-racer-tank/,ScrapingCourse,2026-09-04
Apollo Running Short,32.5,,https://www.scrapingcourse.com/ecommerce/product/apollo-running-short/,ScrapingCourse,2026-09-04
Arcadio Gym Short,20.0,,https://www.scrapingcourse.com/ecommerce/product/arcadio-gym-short/,ScrapingCourse,2026-09-04
Argus All-Weather Tank,22.0,,https://www.scrapingcourse.com/ecommerce/product/argus-all-weather-tank/,ScrapingCourse,2026-09-04
Ariel Roll Sleeve Sweatshirt,39.0,,https://www.scrapingcourse.com/ecommerce/product/ariel-roll-sleeve-sweatshirt/,ScrapingCourse,2026-09-04
Artemis Running Short,45.0,,https://www.scrapingcourse.com/ecommerce/product/artemis-running-short/,ScrapingCourse,2026-09-04
Atlas Fitness Tank,18.0,,https://www.scrapingcourse.com/ecommerce/product/atlas-fitness-tank/,ScrapingCourse,2026-09-04
Atomic Endurance Running Tee (Crew-Neck),29.0,,https://www.scrapingcourse.com/ecommerce/product/atomic-endurance-running-tee-crew-neck/,ScrapingCourse,2026-09-04
Atomic Endurance Running Tee (V-neck),28.0,,https://www.scrapingcourse.com/ecommerce/product/atomic-endurance-running-tee-v-neck/,ScrapingCourse,2026-09-04
Augusta Pullover Jacket,57.0,,https://www.scrapingcourse.com/ecommerce/product/augusta-pullover-jacket/,ScrapingCourse,2026-09-04
Autumn Pullie,57.0,,https://www.scrapingcourse.com/ecommerce/product/autumn-pullie/,ScrapingCourse,2026-09-04
Balboa Persistence Tee,29.0,,https://www.scrapingcourse.com/ecommerce/product/balboa-persistence-tee/,ScrapingCourse,2026-09-04
Bardot Capri,48.0,,https://www.scrapingcourse.com/ecommerce/product/bardot-capri/,ScrapingCourse,2026-09-04
Beaumont Summit Kit,42.0,,https://www.scrapingcourse.com/ecommerce/product/beaumont-summit-kit/,ScrapingCourse,2026-09-04
Bella Tank,29.0,,https://www.scrapingcourse.com/ecommerce/product/bella-tank/,ScrapingCourse,2026-09-04
Bess Yoga Short,28.0,,https://www.scrapingcourse.com/ecommerce/product/bess-yoga-short/,ScrapingCourse,2026-09-04
Bolo Sport Watch,49.0,,https://www.scrapingcourse.com/ecommerce/product/bolo-sport-watch/,ScrapingCourse,2026-09-04
Breathe-Easy Tank,34.0,,https://www.scrapingcourse.com/ecommerce/product/breathe-easy-tank/,ScrapingCourse,2026-09-04
Bruno Compete Hoodie,63.0,,https://www.scrapingcourse.com/ecommerce/product/bruno-compete-hoodie/,ScrapingCourse,2026-09-04
Caesar Warm-Up Pant,35.0,,https://www.scrapingcourse.com/ecommerce/product/caesar-warm-up-pant/,ScrapingCourse,2026-09-04
Carina Basic Capri,51.0,,https://www.scrapingcourse.com/ecommerce/product/carina-basic-capri/,ScrapingCourse,2026-09-04
Cassia Funnel Sweatshirt,48.0,,https://www.scrapingcourse.com/ecommerce/product/cassia-funnel-sweatshirt/,ScrapingCourse,2026-09-04
Cassius Sparring Tank,18.0,,https://www.scrapingcourse.com/ecommerce/product/cassius-sparring-tank/,ScrapingCourse,2026-09-04
Celeste Sports Bra,39.0,,https://www.scrapingcourse.com/ecommerce/product/celeste-sports-bra/,ScrapingCourse,2026-09-04
Chaz Kangeroo Hoodie,52.0,,https://www.scrapingcourse.com/ecommerce/product/chaz-kangeroo-hoodie/,ScrapingCourse,2026-09-04
Chloe Compete Tank,39.0,,https://www.scrapingcourse.com/ecommerce/product/chloe-compete-tank/,ScrapingCourse,2026-09-04
Circe Hooded Ice Fleece,68.0,,https://www.scrapingcourse.com/ecommerce/product/circe-hooded-ice-fleece/,ScrapingCourse,2026-09-04
Clamber Watch,54.0,,https://www.scrapingcourse.com/ecommerce/product/clamber-watch/,ScrapingCourse,2026-09-04
Cobalt CoolTech™ Fitness Short,44.0,,https://www.scrapingcourse.com/ecommerce/product/cobalt-cooltech-fitness-short/,ScrapingCourse,2026-09-04
Compete Track Tote,32.0,,https://www.scrapingcourse.com/ecommerce/product/compete-track-tote/,ScrapingCourse,2026-09-04
Cora Parachute Pant,75.0,,https://www.scrapingcourse.com/ecommerce/product/cora-parachute-pant/,ScrapingCourse,2026-09-04
Cronus Yoga Pant,48.0,,https://www.scrapingcourse.com/ecommerce/product/cronus-yoga-pant/,ScrapingCourse,2026-09-04
Crown Summit Backpack,38.0,,https://www.scrapingcourse.com/ecommerce/product/crown-summit-backpack/,ScrapingCourse,2026-09-04
Cruise Dual Analog Watch,55.0,,https://www.scrapingcourse.com/ecommerce/product/cruise-dual-analog-watch/,ScrapingCourse,2026-09-04
Daphne Full-Zip Hoodie,59.0,,https://www.scrapingcourse.com/ecommerce/product/daphne-full-zip-hoodie/,ScrapingCourse,2026-09-04
Daria Bikram Pant,51.0,,https://www.scrapingcourse.com/ecommerce/product/daria-bikram-pant/,ScrapingCourse,2026-09-04
Dash Digital Watch,92.0,,https://www.scrapingcourse.com/ecommerce/product/dash-digital-watch/,ScrapingCourse,2026-09-04
Deion Long-Sleeve EverCool™ Tee,39.0,,https://www.scrapingcourse.com/ecommerce/product/deion-long-sleeve-evercool-tee/,ScrapingCourse,2026-09-04
Deirdre Relaxed-Fit Capri,63.0,,https://www.scrapingcourse.com/ecommerce/product/deirdre-relaxed-fit-capri/,ScrapingCourse,2026-09-04
Desiree Fitness Tee,24.0,,https://www.scrapingcourse.com/ecommerce/product/desiree-fitness-tee/,ScrapingCourse,2026-09-04
Diana Tights,59.0,,https://www.scrapingcourse.com/ecommerce/product/diana-tights/,ScrapingCourse,2026-09-04
Didi Sport Watch,92.0,,https://www.scrapingcourse.com/ecommerce/product/didi-sport-watch/,ScrapingCourse,2026-09-04
Diva Gym Tee,32.0,,https://www.scrapingcourse.com/ecommerce/product/diva-gym-tee/,ScrapingCourse,2026-09-04
Driven Backpack,36.0,,https://www.scrapingcourse.com/ecommerce/product/driven-backpack/,ScrapingCourse,2026-09-04
Dual Handle Cardio Ball,12.0,,https://www.scrapingcourse.com/ecommerce/product/dual-handle-cardio-ball/,ScrapingCourse,2026-09-04
Echo Fit Compression Short,24.0,,https://www.scrapingcourse.com/ecommerce/product/echo-fit-compression-short/,ScrapingCourse,2026-09-04
Electra Bra Top,39.0,,https://www.scrapingcourse.com/ecommerce/product/electra-bra-top/,ScrapingCourse,2026-09-04
Elisa EverCool™ Tee,29.0,,https://www.scrapingcourse.com/ecommerce/product/elisa-evercool-tee/,ScrapingCourse,2026-09-04
Endeavor Daytrip Backpack,33.0,,https://www.scrapingcourse.com/ecommerce/product/endeavor-daytrip-backpack/,ScrapingCourse,2026-09-04
Endurance Watch,49.0,,https://www.scrapingcourse.com/ecommerce/product/endurance-watch/,ScrapingCourse,2026-09-04
Eos V-Neck Hoodie,54.0,,https://www.scrapingcourse.com/ecommerce/product/eos-v-neck-hoodie/,ScrapingCourse,2026-09-04
Erica Evercool Sports Bra,39.0,,https://www.scrapingcourse.com/ecommerce/product/erica-evercool-sports-bra/,ScrapingCourse,2026-09-04
Erika Running Short,45.0,,https://www.scrapingcourse.com/ecommerce/product/erika-running-short/,ScrapingCourse,2026-09-04
Erikssen CoolTech™ Fitness Tank,29.0,,https://www.scrapingcourse.com/ecommerce/product/erikssen-cooltech-fitness-tank/,ScrapingCourse,2026-09-04
Fiona Fitness Short,29.0,,https://www.scrapingcourse.com/ecommerce/product/fiona-fitness-short/,ScrapingCourse,2026-09-04
Frankie Sweatshirt,60.0,,https://www.scrapingcourse.com/ecommerce/product/frankie-sweatshirt/,ScrapingCourse,2026-09-04
Fusion Backpack,59.0,,https://www.scrapingcourse.com/ecommerce/product/fusion-backpack/,ScrapingCourse,2026-09-04
Gabrielle Micro Sleeve Top,28.0,,https://www.scrapingcourse.com/ecommerce/product/gabrielle-micro-sleeve-top/,ScrapingCourse,2026-09-04
Geo Insulated Jogging Pant,51.0,,https://www.scrapingcourse.com/ecommerce/product/geo-insulated-jogging-pant/,ScrapingCourse,2026-09-04
Go-Get’r Pushup Grips,19.0,,https://www.scrapingcourse.com/ecommerce/product/go-getr-pushup-grips/,ScrapingCourse,2026-09-04
Gobi HeatTec® Tee,29.0,,https://www.scrapingcourse.com/ecommerce/product/gobi-heattec-tee/,ScrapingCourse,2026-09-04
Grayson Crewneck Sweatshirt,64.0,,https://www.scrapingcourse.com/ecommerce/product/grayson-crewneck-sweatshirt/,ScrapingCourse,2026-09-04
Gwen Drawstring Bike Short,50.0,,https://www.scrapingcourse.com/ecommerce/product/gwen-drawstring-bike-short/,ScrapingCourse,2026-09-04
Gwyn Endurance Tee,24.0,,https://www.scrapingcourse.com/ecommerce/product/gwyn-endurance-tee/,ScrapingCourse,2026-09-04
Harmony Lumaflex™ Strength Band Kit,22.0,,https://www.scrapingcourse.com/ecommerce/product/harmony-lumaflex-strength-band-kit/,ScrapingCourse,2026-09-04
Hawkeye Yoga Short,29.0,,https://www.scrapingcourse.com/ecommerce/product/hawkeye-yoga-short/,ScrapingCourse,2026-09-04
Helena Hooded Fleece,55.0,,https://www.scrapingcourse.com/ecommerce/product/helena-hooded-fleece/,ScrapingCourse,2026-09-04
Helios Endurance Tank,32.0,,https://www.scrapingcourse.com/ecommerce/product/helios-endurance-tank/,ScrapingCourse,2026-09-04
Helios EverCool™ Tee,24.0,,https://www.scrapingcourse.com/ecommerce/product/helios-evercool-tee/,ScrapingCourse,2026-09-04
Hera Pullover Hoodie,48.0,,https://www.scrapingcourse.com/ecommerce/product/hera-pullover-hoodie/,ScrapingCourse,2026-09-04
Hero Hoodie,54.0,,https://www.scrapingcourse.com/ecommerce/product/hero-hoodie/,ScrapingCourse,2026-09-04
Hollister Backyard Sweatshirt,52.0,,https://www.scrapingcourse.com/ecommerce/product/hollister-backyard-sweatshirt/,ScrapingCourse,2026-09-04
Hyperion Elements Jacket,51.0,,https://www.scrapingcourse.com/ecommerce/product/hyperion-elements-jacket/,ScrapingCourse,2026-09-04
Ida Workout Parachute Pant,48.0,,https://www.scrapingcourse.com/ecommerce/product/ida-workout-parachute-pant/,ScrapingCourse,2026-09-04
Impulse Duffle,74.0,,https://www.scrapingcourse.com/ecommerce/product/impulse-duffle/,ScrapingCourse,2026-09-04
Ina Compression Short,49.0,,https://www.scrapingcourse.com/ecommerce/product/ina-compression-short/,ScrapingCourse,2026-09-04
Ingrid Running Jacket,84.0,,https://www.scrapingcourse.com/ecommerce/product/ingrid-running-jacket/,ScrapingCourse,2026-09-04
Iris Workout Top,29.0,,https://www.scrapingcourse.com/ecommerce/product/iris-workout-top/,ScrapingCourse,2026-09-04
Jade Yoga Jacket,32.0,,https://www.scrapingcourse.com/ecommerce/product/jade-yoga-jacket/,ScrapingCourse,2026-09-04
Josie Yoga Jacket,56.25,,https://www.scrapingcourse.com/ecommerce/product/josie-yoga-jacket/,ScrapingCourse,2026-09-04
Joust Duffle Bag,34.0,,https://www.scrapingcourse.com/ecommerce/product/joust-duffle-bag/,ScrapingCourse,2026-09-04
Juliana Short-Sleeve Tee,42.0,,https://www.scrapingcourse.com/ecommerce/product/juliana-short-sleeve-tee/,ScrapingCourse,2026-09-04
Jupiter All-Weather Trainer,56.99,,https://www.scrapingcourse.com/ecommerce/product/jupiter-all-weather-trainer/,ScrapingCourse,2026-09-04
Karissa V-Neck Tee,32.0,,https://www.scrapingcourse.com/ecommerce/product/karissa-v-neck-tee/,ScrapingCourse,2026-09-04
Karmen Yoga Pant,39.0,,https://www.scrapingcourse.com/ecommerce/product/karmen-yoga-pant/,ScrapingCourse,2026-09-04
Kenobi Trail Jacket,47.0,,https://www.scrapingcourse.com/ecommerce/product/kenobi-trail-jacket/,ScrapingCourse,2026-09-04
Kratos Gym Pant,57.0,,https://www.scrapingcourse.com/ecommerce/product/kratos-gym-pant/,ScrapingCourse,2026-09-04
Lando Gym Jacket,99.0,,https://www.scrapingcourse.com/ecommerce/product/lando-gym-jacket/,ScrapingCourse,2026-09-04
Layla Tee,29.0,,https://www.scrapingcourse.com/ecommerce/product/layla-tee/,ScrapingCourse,2026-09-04
Leah Yoga Top,39.0,,https://www.scrapingcourse.com/ecommerce/product/leah-yoga-top/,ScrapingCourse,2026-09-04
Livingston All-Purpose Tight,75.0,,https://www.scrapingcourse.com/ecommerce/product/livingston-all-purpose-tight/,ScrapingCourse,2026-09-04
Logan HeatTec® Tee,24.0,,https://www.scrapingcourse.com/ecommerce/product/logan-heattec-tee/,ScrapingCourse,2026-09-04
Lono Yoga Short,32.0,,https://www.scrapingcourse.com/ecommerce/product/lono-yoga-short/,ScrapingCourse,2026-09-04
Lucia Cross-Fit Bra,39.0,,https://www.scrapingcourse.com/ecommerce/product/lucia-cross-fit-bra/,ScrapingCourse,2026-09-04
Luma Analog Watch,43.0,,https://www.scrapingcourse.com/ecommerce/product/luma-analog-watch/,ScrapingCourse,2026-09-04
Mach Street Sweatshirt,62.0,,https://www.scrapingcourse.com/ecommerce/product/mach-street-sweatshirt/,ScrapingCourse,2026-09-04
Marco Lightweight Active Hoodie,74.0,,https://www.scrapingcourse.com/ecommerce/product/marco-lightweight-active-hoodie/,ScrapingCourse,2026-09-04
Mars HeatTech™ Pullover,66.0,,https://www.scrapingcourse.com/ecommerce/product/mars-heattech-pullover/,ScrapingCourse,2026-09-04
Maxima Drawstring Short,28.0,,https://www.scrapingcourse.com/ecommerce/product/maxima-drawstring-short/,ScrapingCourse,2026-09-04
Maya Tunic,29.0,,https://www.scrapingcourse.com/ecommerce/product/maya-tunic/,ScrapingCourse,2026-09-04
Meteor Workout Short,32.5,,https://www.scrapingcourse.com/ecommerce/product/meteor-workout-short/,ScrapingCourse,2026-09-04
Miko Pullover Hoodie,69.0,,https://www.scrapingcourse.com/ecommerce/product/miko-pullover-hoodie/,ScrapingCourse,2026-09-04
Mimi All-Purpose Short,44.0,,https://www.scrapingcourse.com/ecommerce/product/mimi-all-purpose-short/,ScrapingCourse,2026-09-04
Minerva LumaTech™ V-Tee,32.0,,https://www.scrapingcourse.com/ecommerce/product/minerva-lumatech-v-tee/,ScrapingCourse,2026-09-04
Mithra Warmup Pant,28.0,,https://www.scrapingcourse.com/ecommerce/product/mithra-warmup-pant/,ScrapingCourse,2026-09-04
Mona Pullover Hoodlie,57.0,,https://www.scrapingcourse.com/ecommerce/product/mona-pullover-hoodlie/,ScrapingCourse,2026-09-04
Montana Wind Jacket,49.0,,https://www.scrapingcourse.com/ecommerce/product/montana-wind-jacket/,ScrapingCourse,2026-09-04
Nadia Elements Shell,69.0,,https://www.scrapingcourse.com/ecommerce/product/nadia-elements-shell/,ScrapingCourse,2026-09-04
Neve Studio Dance Jacket,69.0,,https://www.scrapingcourse.com/ecommerce/product/neve-studio-dance-jacket/,ScrapingCourse,2026-09-04
Nona Fitness Tank,39.0,,https://www.scrapingcourse.com/ecommerce/product/nona-fitness-tank/,ScrapingCourse,2026-09-04
Nora Practice Tank,39.0,,https://www.scrapingcourse.com/ecommerce/product/nora-practice-tank/,ScrapingCourse,2026-09-04
Olivia 1/4 Zip Light Jacket,77.0,,https://www.scrapingcourse.com/ecommerce/product/olivia-1-4-zip-light-jacket/,ScrapingCourse,2026-09-04
Orestes Fitness Short,35.0,,https://www.scrapingcourse.com/ecommerce/product/orestes-fitness-short/,ScrapingCourse,2026-09-04
Orestes Yoga Pant,66.0,,https://www.scrapingcourse.com/ecommerce/product/orestes-yoga-pant/,ScrapingCourse,2026-09-04
Orion Two-Tone Fitted Jacket,72.0,,https://www.scrapingcourse.com/ecommerce/product/orion-two-tone-fitted-jacket/,ScrapingCourse,2026-09-04
Oslo Trek Hoodie,42.0,,https://www.scrapingcourse.com/ecommerce/product/oslo-trek-hoodie/,ScrapingCourse,2026-09-04
Overnight Duffle,45.0,,https://www.scrapingcourse.com/ecommerce/product/overnight-duffle/,ScrapingCourse,2026-09-04
Phoebe Zipper Sweatshirt,59.0,,https://www.scrapingcourse.com/ecommerce/product/phoebe-zipper-sweatshirt/,ScrapingCourse,2026-09-04
Pierce Gym Short,27.0,,https://www.scrapingcourse.com/ecommerce/product/pierce-gym-short/,ScrapingCourse,2026-09-04
Portia Capri,49.0,,https://www.scrapingcourse.com/ecommerce/product/portia-capri/,ScrapingCourse,2026-09-04
Prima Compete Bra Top,24.0,,https://www.scrapingcourse.com/ecommerce/product/prima-compete-bra-top/,ScrapingCourse,2026-09-04
Primo Endurance Tank,29.0,,https://www.scrapingcourse.com/ecommerce/product/primo-endurance-tank/,ScrapingCourse,2026-09-04
Proteus Fitness Jackshirt,45.0,,https://www.scrapingcourse.com/ecommerce/product/proteus-fitness-jackshirt/,ScrapingCourse,2026-09-04
Pursuit Lumaflex™ Tone Band,16.0,,https://www.scrapingcourse.com/ecommerce/product/pursuit-lumaflex-tone-band/,ScrapingCourse,2026-09-04
Push It Messenger Bag,45.0,,https://www.scrapingcourse.com/ecommerce/product/push-it-messenger-bag/,ScrapingCourse,2026-09-04
Quest Lumaflex™ Band,19.0,,https://www.scrapingcourse.com/ecommerce/product/quest-lumaflex-band/,ScrapingCourse,2026-09-04
Radiant Tee,22.0,,https://www.scrapingcourse.com/ecommerce/product/radiant-tee/,ScrapingCourse,2026-09-04
Rapha Sports Short,35.0,,https://www.scrapingcourse.com/ecommerce/product/rapha-sports-short/,ScrapingCourse,2026-09-04
Riona Full Zip Jacket,60.0,,https://www.scrapingcourse.com/ecommerce/product/riona-full-zip-jacket/,ScrapingCourse,2026-09-04
Rival Field Messenger,45.0,,https://www.scrapingcourse.com/ecommerce/product/rival-field-messenger/,ScrapingCourse,2026-09-04
Rocco Gym Tank,24.0,,https://www.scrapingcourse.com/ecommerce/product/rocco-gym-tank/,ScrapingCourse,2026-09-04
Ryker LumaTech™ Tee (Crew-neck),32.0,,https://www.scrapingcourse.com/ecommerce/product/ryker-lumatech-tee-crew-neck/,ScrapingCourse,2026-09-04
Ryker LumaTech™ Tee (V-neck),28.0,,https://www.scrapingcourse.com/ecommerce/product/ryker-lumatech-tee-v-neck/,ScrapingCourse,2026-09-04
Sahara Leggings,75.0,,https://www.scrapingcourse.com/ecommerce/product/sahara-leggings/,ScrapingCourse,2026-09-04
Savvy Shoulder Tote,32.0,,https://www.scrapingcourse.com/ecommerce/product/savvy-shoulder-tote/,ScrapingCourse,2026-09-04
Selene Yoga Hoodie,42.0,,https://www.scrapingcourse.com/ecommerce/product/selene-yoga-hoodie/,ScrapingCourse,2026-09-04
Sinbad Fitness Tank,29.0,,https://www.scrapingcourse.com/ecommerce/product/sinbad-fitness-tank/,ScrapingCourse,2026-09-04
Sol Active Short,32.0,,https://www.scrapingcourse.com/ecommerce/product/sol-active-short/,ScrapingCourse,2026-09-04
Sparta Gym Tank,29.0,,https://www.scrapingcourse.com/ecommerce/product/sparta-gym-tank/,ScrapingCourse,2026-09-04
Sprite Foam Roller,19.0,,https://www.scrapingcourse.com/ecommerce/product/sprite-foam-roller/,ScrapingCourse,2026-09-04
Sprite Foam Yoga Brick,5.0,,https://www.scrapingcourse.com/ecommerce/product/sprite-foam-yoga-brick/,ScrapingCourse,2026-09-04
Sprite Stasis Ball 55 cm,23.0,,https://www.scrapingcourse.com/ecommerce/product/sprite-stasis-ball-55-cm/,ScrapingCourse,2026-09-04
Sprite Stasis Ball 65 cm,27.0,,https://www.scrapingcourse.com/ecommerce/product/sprite-stasis-ball-65-cm/,ScrapingCourse,2026-09-04
Sprite Stasis Ball 75 cm,32.0,,https://www.scrapingcourse.com/ecommerce/product/sprite-stasis-ball-75-cm/,ScrapingCourse,2026-09-04
Sprite Yoga Strap 10 foot,21.0,,https://www.scrapingcourse.com/ecommerce/product/sprite-yoga-strap-10-foot/,ScrapingCourse,2026-09-04
Sprite Yoga Strap 6 foot,14.0,,https://www.scrapingcourse.com/ecommerce/product/sprite-yoga-strap-6-foot/,ScrapingCourse,2026-09-04
Sprite Yoga Strap 8 foot,17.0,,https://www.scrapingcourse.com/ecommerce/product/sprite-yoga-strap-8-foot/,ScrapingCourse,2026-09-04
Stark Fundamental Hoodie,42.0,,https://www.scrapingcourse.com/ecommerce/product/stark-fundamental-hoodie/,ScrapingCourse,2026-09-04
Stellar Solar Jacket,75.0,,https://www.scrapingcourse.com/ecommerce/product/stellar-solar-jacket/,ScrapingCourse,2026-09-04
Strike Endurance Tee,39.0,,https://www.scrapingcourse.com/ecommerce/product/strike-endurance-tee/,ScrapingCourse,2026-09-04
Strive Shoulder Pack,32.0,,https://www.scrapingcourse.com/ecommerce/product/strive-shoulder-pack/,ScrapingCourse,2026-09-04
Summit Watch,54.0,,https://www.scrapingcourse.com/ecommerce/product/summit-watch/,ScrapingCourse,2026-09-04
Supernova Sport Pant,45.0,,https://www.scrapingcourse.com/ecommerce/product/supernova-sport-pant/,ScrapingCourse,2026-09-04
Sybil Running Short,44.0,,https://www.scrapingcourse.com/ecommerce/product/sybil-running-short/,ScrapingCourse,2026-09-04
Sylvia Capri,42.0,,https://www.scrapingcourse.com/ecommerce/product/sylvia-capri/,ScrapingCourse,2026-09-04
Taurus Elements Shell,65.0,,https://www.scrapingcourse.com/ecommerce/product/taurus-elements-shell/,ScrapingCourse,2026-09-04
Teton Pullover Hoodie,70.0,,https://www.scrapingcourse.com/ecommerce/product/teton-pullover-hoodie/,ScrapingCourse,2026-09-04
Thorpe Track Pant,68.0,,https://www.scrapingcourse.com/ecommerce/product/thorpe-track-pant/,ScrapingCourse,2026-09-04
Tiberius Gym Tank,18.0,,https://www.scrapingcourse.com/ecommerce/product/tiberius-gym-tank/,ScrapingCourse,2026-09-04
Tiffany Fitness Tee,28.0,,https://www.scrapingcourse.com/ecommerce/product/tiffany-fitness-tee/,ScrapingCourse,2026-09-04
Torque Power Short,32.5,,https://www.scrapingcourse.com/ecommerce/product/torque-power-short/,ScrapingCourse,2026-09-04
Tristan Endurance Tank,29.0,,https://www.scrapingcourse.com/ecommerce/product/tristan-endurance-tank/,ScrapingCourse,2026-09-04
Troy Yoga Short,24.0,,https://www.scrapingcourse.com/ecommerce/product/troy-yoga-short/,ScrapingCourse,2026-09-04
Typhon Performance Fleece-lined Jacket,60.0,,https://www.scrapingcourse.com/ecommerce/product/typhon-performance-fleece-lined-jacket/,ScrapingCourse,2026-09-04
Viktor LumaTech™ Pant,46.0,,https://www.scrapingcourse.com/ecommerce/product/viktor-lumatech-pant/,ScrapingCourse,2026-09-04
Voyage Yoga Bag,32.0,,https://www.scrapingcourse.com/ecommerce/product/voyage-yoga-bag/,ScrapingCourse,2026-09-04
Vulcan Weightlifting Tank,28.0,,https://www.scrapingcourse.com/ecommerce/product/vulcan-weightlifting-tank/,ScrapingCourse,2026-09-04
Wayfarer Messenger Bag,45.0,,https://www.scrapingcourse.com/ecommerce/product/wayfarer-messenger-bag/,ScrapingCourse,2026-09-04
Zeppelin Yoga Pant,82.0,,https://www.scrapingcourse.com/ecommerce/product/zeppelin-yoga-pant/,ScrapingCourse,2026-09-04
Zing Jump Rope,12.0,,https://www.scrapingcourse.com/ecommerce/product/zing-jump-rope/,ScrapingCourse,2026-09-04
Zoe Tank,29.0,,https://www.scrapingcourse.com/ecommerce/product/zoe-tank/,ScrapingCourse,2026-09-04
Zoltan Gym Tee,29.0,,https://www.scrapingcourse.com/ecommerce/product/zoltan-gym-tee/,ScrapingCourse,2026-09-04
